four_letter_sequence,synthesis_id,n-1,n+1,pure_yield,full_length_product,other_impurity,synthesis_duration,postprocessing_duration
-Gms-Ums-Cms-Gro-Cro-Uro-Cro-Cro-Cro-Cro-Gro-Gro-Cro-Aro-Uro-Cro-Gro-Gro-Cro-Uro-Gro-Uro-Uro-Uro-Uro-Aro-Gro-Aro-Gro-Cro-Uro-Aro-Gro-Aro-Aro-Aro-Uro-Aro-Gro-Cro-Aro-Aro-Gro-Uro-Uro-Aro-Aro-Aro-Aro-Uro-Aro-Aro-Gro-Gro-Cro-Uro-Aro-Gro-Uro-Cro-Cro-Gro-Uro-Uro-Aro-Uro-Cro-Aro-Aro-Cro-Uro-Uro-Gro-Aro-Aro-Aro-Aro-Aro-Gro-Uro-Gro-Gro-Cro-Aro-Cro-Cro-Gro-Aro-Gro-Uro-Cro-Gro-Gro-Uro-Gro-Cro-Uro-Ums-Ums-Um,1,4.797640248115723,6.3819287999989704,8.795529263072389,74.55368478865601,0.021143241089251273,55.654369438591516,35.755761362347734
-Ums-Cms-Ams-Gro-Gro-Cro-Cro-Gro-Cro-Aro-Gro-Gro-Aro-Aro-Gro-Aro-Gro-Gro-Aro-Aro-Gro-Uro-Uro-Uro-Uro-Aro-Gro-Aro-Gro-Cro-Uro-Aro-Gro-Aro-Aro-Aro-Uro-Aro-Gro-Cro-Aro-Aro-Gro-Uro-Uro-Aro-Aro-Aro-Aro-Uro-Aro-Aro-Gro-Gro-Cro-Uro-Aro-Gro-Uro-Cro-Cro-Gro-Uro-Uro-Aro-Uro-Cro-Aro-Aro-Cro-Uro-Uro-Gro-Aro-Aro-Aro-Aro-Aro-Gro-Uro-Gro-Gro-Cro-Aro-Cro-Cro-Gro-Aro-Gro-Uro-Cro-Gro-Gro-Uro-Gro-Cro-Uro-Ums-Ums-Um,1,8.056742643533935,8.434806962390748,6.089591814019787,74.96352511216574,0.053351872084340515,55.654369438591516,35.755761362347734
-Gms-Ums-Ams-Uro-Aro-Uro-Aro-Gro-Aro-Uro-Gro-Aro-Aro-Gro-Gro-Uro-Cro-Aro-Cro-Uro-Gro-Uro-Uro-Uro-Uro-Aro-Gro-Aro-Gro-Cro-Uro-Aro-Gro-Aro-Aro-Aro-Uro-Aro-Gro-Cro-Aro-Aro-Gro-Uro-Uro-Aro-Aro-Aro-Aro-Uro-Aro-Aro-Gro-Gro-Cro-Uro-Aro-Gro-Uro-Cro-Cro-Gro-Uro-Uro-Aro-Uro-Cro-Aro-Aro-Cro-Uro-Uro-Gro-Aro-Aro-Aro-Aro-Aro-Gro-Uro-Gro-Gro-Cro-Aro-Cro-Cro-Gro-Aro-Gro-Uro-Cro-Gro-Gro-Uro-Gro-Cro-Uro-Ums-Ums-Um,1,5.376105268294186,10.042193836807721,9.068502490996169,73.1691931091575,0.0,55.654369438591516,35.755761362347734
-Cms-Ums-Cms-Cro-Cro-Uro-Cro-Cro-Cro-Aro-Gro-Gro-Aro-Uro-Cro-Cro-Uro-Cro-Uro-Cro-Gro-Uro-Uro-Uro-Uro-Aro-Gro-Aro-Gro-Cro-Uro-Aro-Gro-Aro-Aro-Aro-Uro-Aro-Gro-Cro-Aro-Aro-Gro-Uro-Uro-Aro-Aro-Aro-Aro-Uro-Aro-Aro-Gro-Gro-Cro-Uro-Aro-Gro-Uro-Cro-Cro-Gro-Uro-Uro-Aro-Uro-Cro-Aro-Aro-Cro-Uro-Uro-Gro-Aro-Aro-Aro-Aro-Aro-Gro-Uro-Gro-Gro-Cro-Aro-Cro-Cro-Gro-Aro-Gro-Uro-Cro-Gro-Gro-Uro-Gro-Cro-Uro-Ums-Ums-Um,1,1.9320836539851638,10.383295080786533,4.258048929602101,73.05378521882169,0.0,55.654369438591516,35.755761362347734
-Cms-Ums-Cms-Cro-Cro-Uro-Cro-Cro-Cro-Aro-Gro-Gro-Aro-Uro-Cro-Cro-Uro-Cro-Uro-Cro-Gro-Uro-Uro-Uro-Uro-Aro-Gro-Aro-Gro-Cro-Uro-Aro-Gro-Aro-Aro-Aro-Uro-Aro-Gro-Cro-Aro-Aro-Gro-Uro-Uro-Aro-Aro-Aro-Aro-Uro-Aro-Aro-Gro-Gro-Cro-Uro-Aro-Gro-Uro-Cro-Cro-Gro-Uro-Uro-Aro-Uro-Cro-Aro-Aro-Cro-Uro-Uro-Gro-Aro-Aro-Aro-Aro-Aro-Gro-Uro-Gro-Gro-Cro-Aro-Cro-Cro-Gro-Aro-Gro-Uro-Cro-Gro-Gro-Uro-Gro-Cro-Uro-Ums-Ums-Um,1,7.064074170308597,4.899295227572051,9.150096404816358,77.12886228572187,0.0,55.654369438591516,35.755761362347734
-Cms-Cms-Ums-Cro-Uro-Uro-Gro-Uro-Uro-Gro-Cro-Uro-Gro-Cro-Uro-Gro-Cro-Cro-Cro-Gro-Gro-Uro-Uro-Uro-Uro-Aro-Gro-Aro-Gro-Cro-Uro-Aro-Gro-Aro-Aro-Aro-Uro-Aro-Gro-Cro-Aro-Aro-Gro-Uro-Uro-Aro-Aro-Aro-Aro-Uro-Aro-Aro-Gro-Gro-Cro-Uro-Aro-Gro-Uro-Cro-Cro-Gro-Uro-Uro-Aro-Uro-Cro-Aro-Aro-Cro-Uro-Uro-Gro-Aro-Aro-Aro-Aro-Aro-Gro-Uro-Gro-Gro-Cro-Aro-Cro-Cro-Gro-Aro-Gro-Uro-Cro-Gro-Gro-Uro-Gro-Cro-Uro-Ums-Ums-Um,1,8.796217339535241,8.01100260999553,6.040561579470544,68.89546589032504,0.01919867789101131,55.654369438591516,35.755761362347734
-Gms-Ums-Cms-Gro-Cro-Uro-Cro-Cro-Cro-Cro-Gro-Gro-Cro-Aro-Uro-Cro-Gro-Gro-Cro-Uro-Gro-Uro-Uro-Uro-Uro-Aro-Gro-Aro-Gro-Cro-Uro-Aro-Gro-Aro-Aro-Aro-Uro-Aro-Gro-Cro-Aro-Aro-Gro-Uro-Uro-Aro-Aro-Aro-Aro-Uro-Aro-Aro-Gro-Gro-Cro-Uro-Aro-Gro-Uro-Cro-Cro-Gro-Uro-Uro-Aro-Uro-Cro-Aro-Aro-Cro-Uro-Uro-Gro-Aro-Aro-Aro-Aro-Aro-Gro-Uro-Gro-Gro-Cro-Aro-Cro-Cro-Gro-Aro-Gro-Uro-Cro-Gro-Gro-Uro-Gro-Cro-Uro-Ums-Ums-Um,1,4.087573893030116,7.529499777994365,6.763971356244729,76.20872971938817,0.0,55.654369438591516,35.755761362347734
-Gms-Ums-Cms-Gro-Cro-Uro-Cro-Cro-Cro-Cro-Gro-Gro-Cro-Aro-Uro-Cro-Gro-Gro-Cro-Uro-Gro-Uro-Uro-Uro-Uro-Aro-Gro-Aro-Gro-Cro-Uro-Aro-Gro-Aro-Aro-Aro-Uro-Aro-Gro-Cro-Aro-Aro-Gro-Uro-Uro-Aro-Aro-Aro-Aro-Uro-Aro-Aro-Gro-Gro-Cro-Uro-Aro-Gro-Uro-Cro-Cro-Gro-Uro-Uro-Aro-Uro-Cro-Aro-Aro-Cro-Uro-Uro-Gro-Aro-Aro-Aro-Aro-Aro-Gro-Uro-Gro-Gro-Cro-Aro-Cro-Cro-Gro-Aro-Gro-Uro-Cro-Gro-Gro-Uro-Gro-Cro-Uro-Ums-Ums-Um,1,6.234035956516311,10.183310240598724,8.888735147859306,73.31179016942167,0.0,55.654369438591516,35.755761362347734
-Ums-Cms-Ams-Gro-Gro-Cro-Cro-Gro-Cro-Aro-Gro-Gro-Aro-Aro-Gro-Aro-Gro-Gro-Aro-Aro-Gro-Uro-Uro-Uro-Uro-Aro-Gro-Aro-Gro-Cro-Uro-Aro-Gro-Aro-Aro-Aro-Uro-Aro-Gro-Cro-Aro-Aro-Gro-Uro-Uro-Aro-Aro-Aro-Aro-Uro-Aro-Aro-Gro-Gro-Cro-Uro-Aro-Gro-Uro-Cro-Cro-Gro-Uro-Uro-Aro-Uro-Cro-Aro-Aro-Cro-Uro-Uro-Gro-Aro-Aro-Aro-Aro-Aro-Gro-Uro-Gro-Gro-Cro-Aro-Cro-Cro-Gro-Aro-Gro-Uro-Cro-Gro-Gro-Uro-Gro-Cro-Uro-Ums-Ums-Um,1,8.006152936024566,2.900777092951629,6.546427667402635,75.69665015086477,0.0,55.654369438591516,35.755761362347734
-Ums-Gms-Ams-Aro-Gro-Uro-Gro-Uro-Uro-Aro-Gro-Gro-Aro-Gro-Aro-Uro-Aro-Cro-Aro-Uro-Gro-Uro-Uro-Uro-Uro-Aro-Gro-Aro-Gro-Cro-Uro-Aro-Gro-Aro-Aro-Aro-Uro-Aro-Gro-Cro-Aro-Aro-Gro-Uro-Uro-Aro-Aro-Aro-Aro-Uro-Aro-Aro-Gro-Gro-Cro-Uro-Aro-Gro-Uro-Cro-Cro-Gro-Uro-Uro-Aro-Uro-Cro-Aro-Aro-Cro-Uro-Uro-Gro-Aro-Aro-Aro-Aro-Aro-Gro-Uro-Gro-Gro-Cro-Aro-Cro-Cro-Gro-Aro-Gro-Uro-Cro-Gro-Gro-Uro-Gro-Cro-Uro-Ums-Ums-Um,1,3.5323887820026885,4.658121590762711,4.917384525378609,79.68372704045484,0.008688938269293974,55.654369438591516,35.755761362347734
-Ums-Cms-Ams-Gro-Gro-Cro-Cro-Gro-Cro-Aro-Gro-Gro-Aro-Aro-Gro-Aro-Gro-Gro-Aro-Aro-Gro-Uro-Uro-Uro-Uro-Aro-Gro-Aro-Gro-Cro-Uro-Aro-Gro-Aro-Aro-Aro-Uro-Aro-Gro-Cro-Aro-Aro-Gro-Uro-Uro-Aro-Aro-Aro-Aro-Uro-Aro-Aro-Gro-Gro-Cro-Uro-Aro-Gro-Uro-Cro-Cro-Gro-Uro-Uro-Aro-Uro-Cro-Aro-Aro-Cro-Uro-Uro-Gro-Aro-Aro-Aro-Aro-Aro-Gro-Uro-Gro-Gro-Cro-Aro-Cro-Cro-Gro-Aro-Gro-Uro-Cro-Gro-Gro-Uro-Gro-Cro-Uro-Ums-Ums-Um,1,3.8614381859740523,15.148230027653943,10.023615018925526,70.48513033787691,0.0,55.654369438591516,35.755761362347734
-Cms-Ums-Cms-Cro-Cro-Uro-Cro-Cro-Cro-Aro-Gro-Gro-Aro-Uro-Cro-Cro-Uro-Cro-Uro-Cro-Gro-Uro-Uro-Uro-Uro-Aro-Gro-Aro-Gro-Cro-Uro-Aro-Gro-Aro-Aro-Aro-Uro-Aro-Gro-Cro-Aro-Aro-Gro-Uro-Uro-Aro-Aro-Aro-Aro-Uro-Aro-Aro-Gro-Gro-Cro-Uro-Aro-Gro-Uro-Cro-Cro-Gro-Uro-Uro-Aro-Uro-Cro-Aro-Aro-Cro-Uro-Uro-Gro-Aro-Aro-Aro-Aro-Aro-Gro-Uro-Gro-Gro-Cro-Aro-Cro-Cro-Gro-Aro-Gro-Uro-Cro-Gro-Gro-Uro-Gro-Cro-Uro-Ums-Ums-Um,1,5.517547349042292,11.059281883473272,6.1515686682692525,72.75759823200863,0.00398849851673656,55.654369438591516,35.755761362347734
-Ums-Cms-Ams-Aro-Uro-Uro-Uro-Uro-Aro-Aro-Gro-Aro-Cro-Cro-Uro-Cro-Cro-Cro-Uro-Gro-Gro-Uro-Uro-Uro-Uro-Aro-Gro-Aro-Gro-Cro-Uro-Aro-Gro-Aro-Aro-Aro-Uro-Aro-Gro-Cro-Aro-Aro-Gro-Uro-Uro-Aro-Aro-Aro-Aro-Uro-Aro-Aro-Gro-Gro-Cro-Uro-Aro-Gro-Uro-Cro-Cro-Gro-Uro-Uro-Aro-Uro-Cro-Aro-Aro-Cro-Uro-Uro-Gro-Aro-Aro-Aro-Aro-Aro-Gro-Uro-Gro-Gro-Cro-Aro-Cro-Cro-Gro-Aro-Gro-Uro-Cro-Gro-Gro-Uro-Gro-Cro-Uro-Ums-Ums-Um,1,6.334794239454959,7.105055435393616,6.7400427865122605,79.02278915505467,0.021033909062397313,55.654369438591516,35.755761362347734
-Cms-Ums-Cms-Cro-Cro-Uro-Cro-Cro-Cro-Aro-Gro-Gro-Aro-Uro-Cro-Cro-Uro-Cro-Uro-Cro-Gro-Uro-Uro-Uro-Uro-Aro-Gro-Aro-Gro-Cro-Uro-Aro-Gro-Aro-Aro-Aro-Uro-Aro-Gro-Cro-Aro-Aro-Gro-Uro-Uro-Aro-Aro-Aro-Aro-Uro-Aro-Aro-Gro-Gro-Cro-Uro-Aro-Gro-Uro-Cro-Cro-Gro-Uro-Uro-Aro-Uro-Cro-Aro-Aro-Cro-Uro-Uro-Gro-Aro-Aro-Aro-Aro-Aro-Gro-Uro-Gro-Gro-Cro-Aro-Cro-Cro-Gro-Aro-Gro-Uro-Cro-Gro-Gro-Uro-Gro-Cro-Uro-Ums-Ums-Um,1,3.2807226622284498,11.59103987522435,6.228046619866807,78.84409930931417,0.0,55.654369438591516,35.755761362347734
-Ums-Gms-Ams-Aro-Gro-Uro-Gro-Uro-Uro-Aro-Gro-Gro-Aro-Gro-Aro-Uro-Aro-Cro-Aro-Uro-Gro-Uro-Uro-Uro-Uro-Aro-Gro-Aro-Gro-Cro-Uro-Aro-Gro-Aro-Aro-Aro-Uro-Aro-Gro-Cro-Aro-Aro-Gro-Uro-Uro-Aro-Aro-Aro-Aro-Uro-Aro-Aro-Gro-Gro-Cro-Uro-Aro-Gro-Uro-Cro-Cro-Gro-Uro-Uro-Aro-Uro-Cro-Aro-Aro-Cro-Uro-Uro-Gro-Aro-Aro-Aro-Aro-Aro-Gro-Uro-Gro-Gro-Cro-Aro-Cro-Cro-Gro-Aro-Gro-Uro-Cro-Gro-Gro-Uro-Gro-Cro-Uro-Ums-Ums-Um,1,7.338200437218106,4.733265208962921,4.311333717878055,78.36413839238489,0.0,55.654369438591516,35.755761362347734
-Ums-Cms-Ams-Aro-Uro-Uro-Uro-Uro-Aro-Aro-Gro-Aro-Cro-Cro-Uro-Cro-Cro-Cro-Uro-Gro-Gro-Uro-Uro-Uro-Uro-Aro-Gro-Aro-Gro-Cro-Uro-Aro-Gro-Aro-Aro-Aro-Uro-Aro-Gro-Cro-Aro-Aro-Gro-Uro-Uro-Aro-Aro-Aro-Aro-Uro-Aro-Aro-Gro-Gro-Cro-Uro-Aro-Gro-Uro-Cro-Cro-Gro-Uro-Uro-Aro-Uro-Cro-Aro-Aro-Cro-Uro-Uro-Gro-Aro-Aro-Aro-Aro-Aro-Gro-Uro-Gro-Gro-Cro-Aro-Cro-Cro-Gro-Aro-Gro-Uro-Cro-Gro-Gro-Uro-Gro-Cro-Uro-Ums-Ums-Um,1,8.018094843772984,7.631319138651515,6.799879093044975,71.0050680448687,0.0,55.654369438591516,35.755761362347734
-Ams-Gms-Cms-Aro-Gro-Cro-Aro-Gro-Cro-Gro-Gro-Cro-Gro-Gro-Cro-Aro-Aro-Cro-Aro-Gro-Gro-Uro-Uro-Uro-Uro-Aro-Gro-Aro-Gro-Cro-Uro-Aro-Gro-Aro-Aro-Aro-Uro-Aro-Gro-Cro-Aro-Aro-Gro-Uro-Uro-Aro-Aro-Aro-Aro-Uro-Aro-Aro-Gro-Gro-Cro-Uro-Aro-Gro-Uro-Cro-Cro-Gro-Uro-Uro-Aro-Uro-Cro-Aro-Aro-Cro-Uro-Uro-Gro-Aro-Aro-Aro-Aro-Aro-Gro-Uro-Gro-Gro-Cro-Aro-Cro-Cro-Gro-Aro-Gro-Uro-Cro-Gro-Gro-Uro-Gro-Cro-Uro-Ums-Ums-Um,2,5.67574665425616,11.950557852075473,7.365885921676633,70.52164061927172,0.023312417097003175,56.12662510846139,74.93943105062263
-Cms-Ums-Cms-Cro-Cro-Uro-Cro-Cro-Cro-Aro-Gro-Gro-Aro-Uro-Cro-Cro-Uro-Cro-Uro-Cro-Gro-Uro-Uro-Uro-Uro-Aro-Gro-Aro-Gro-Cro-Uro-Aro-Gro-Aro-Aro-Aro-Uro-Aro-Gro-Cro-Aro-Aro-Gro-Uro-Uro-Aro-Aro-Aro-Aro-Uro-Aro-Aro-Gro-Gro-Cro-Uro-Aro-Gro-Uro-Cro-Cro-Gro-Uro-Uro-Aro-Uro-Cro-Aro-Aro-Cro-Uro-Uro-Gro-Aro-Aro-Aro-Aro-Aro-Gro-Uro-Gro-Gro-Cro-Aro-Cro-Cro-Gro-Aro-Gro-Uro-Cro-Gro-Gro-Uro-Gro-Cro-Uro-Ums-Ums-Um,2,2.3687510225691475,6.825316777673048,6.504468322361944,79.88075325434767,0.0,56.12662510846139,74.93943105062263
-Ums-Cms-Ams-Gro-Gro-Cro-Cro-Gro-Cro-Aro-Gro-Gro-Aro-Aro-Gro-Aro-Gro-Gro-Aro-Aro-Gro-Uro-Uro-Uro-Uro-Aro-Gro-Aro-Gro-Cro-Uro-Aro-Gro-Aro-Aro-Aro-Uro-Aro-Gro-Cro-Aro-Aro-Gro-Uro-Uro-Aro-Aro-Aro-Aro-Uro-Aro-Aro-Gro-Gro-Cro-Uro-Aro-Gro-Uro-Cro-Cro-Gro-Uro-Uro-Aro-Uro-Cro-Aro-Aro-Cro-Uro-Uro-Gro-Aro-Aro-Aro-Aro-Aro-Gro-Uro-Gro-Gro-Cro-Aro-Cro-Cro-Gro-Aro-Gro-Uro-Cro-Gro-Gro-Uro-Gro-Cro-Uro-Ums-Ums-Um,2,4.584900810277552,11.674900407752391,7.894479808259879,74.48453209489621,0.02920778864278154,56.12662510846139,74.93943105062263
-Ams-Gms-Cms-Aro-Gro-Cro-Aro-Gro-Cro-Gro-Gro-Cro-Gro-Gro-Cro-Aro-Aro-Cro-Aro-Gro-Gro-Uro-Uro-Uro-Uro-Aro-Gro-Aro-Gro-Cro-Uro-Aro-Gro-Aro-Aro-Aro-Uro-Aro-Gro-Cro-Aro-Aro-Gro-Uro-Uro-Aro-Aro-Aro-Aro-Uro-Aro-Aro-Gro-Gro-Cro-Uro-Aro-Gro-Uro-Cro-Cro-Gro-Uro-Uro-Aro-Uro-Cro-Aro-Aro-Cro-Uro-Uro-Gro-Aro-Aro-Aro-Aro-Aro-Gro-Uro-Gro-Gro-Cro-Aro-Cro-Cro-Gro-Aro-Gro-Uro-Cro-Gro-Gro-Uro-Gro-Cro-Uro-Ums-Ums-Um,2,3.3250624039591727,8.449786087269475,5.901389830363938,76.60717943579625,0.019282754941272386,56.12662510846139,74.93943105062263
-Ums-Gms-Ams-Aro-Gro-Uro-Gro-Uro-Uro-Aro-Gro-Gro-Aro-Gro-Aro-Uro-Aro-Cro-Aro-Uro-Gro-Uro-Uro-Uro-Uro-Aro-Gro-Aro-Gro-Cro-Uro-Aro-Gro-Aro-Aro-Aro-Uro-Aro-Gro-Cro-Aro-Aro-Gro-Uro-Uro-Aro-Aro-Aro-Aro-Uro-Aro-Aro-Gro-Gro-Cro-Uro-Aro-Gro-Uro-Cro-Cro-Gro-Uro-Uro-Aro-Uro-Cro-Aro-Aro-Cro-Uro-Uro-Gro-Aro-Aro-Aro-Aro-Aro-Gro-Uro-Gro-Gro-Cro-Aro-Cro-Cro-Gro-Aro-Gro-Uro-Cro-Gro-Gro-Uro-Gro-Cro-Uro-Ums-Ums-Um,2,5.2787175786357325,6.080161732246556,7.954772909852512,77.5902517467912,0.0,56.12662510846139,74.93943105062263
-Gms-Ums-Ams-Uro-Aro-Uro-Aro-Gro-Aro-Uro-Gro-Aro-Aro-Gro-Gro-Uro-Cro-Aro-Cro-Uro-Gro-Uro-Uro-Uro-Uro-Aro-Gro-Aro-Gro-Cro-Uro-Aro-Gro-Aro-Aro-Aro-Uro-Aro-Gro-Cro-Aro-Aro-Gro-Uro-Uro-Aro-Aro-Aro-Aro-Uro-Aro-Aro-Gro-Gro-Cro-Uro-Aro-Gro-Uro-Cro-Cro-Gro-Uro-Uro-Aro-Uro-Cro-Aro-Aro-Cro-Uro-Uro-Gro-Aro-Aro-Aro-Aro-Aro-Gro-Uro-Gro-Gro-Cro-Aro-Cro-Cro-Gro-Aro-Gro-Uro-Cro-Gro-Gro-Uro-Gro-Cro-Uro-Ums-Ums-Um,2,2.079220168940983,14.717561135834135,7.477336840175669,74.09234186914445,0.05178598777092218,56.12662510846139,74.93943105062263
-Cms-Ums-Cms-Cro-Cro-Uro-Cro-Cro-Cro-Aro-Gro-Gro-Aro-Uro-Cro-Cro-Uro-Cro-Uro-Cro-Gro-Uro-Uro-Uro-Uro-Aro-Gro-Aro-Gro-Cro-Uro-Aro-Gro-Aro-Aro-Aro-Uro-Aro-Gro-Cro-Aro-Aro-Gro-Uro-Uro-Aro-Aro-Aro-Aro-Uro-Aro-Aro-Gro-Gro-Cro-Uro-Aro-Gro-Uro-Cro-Cro-Gro-Uro-Uro-Aro-Uro-Cro-Aro-Aro-Cro-Uro-Uro-Gro-Aro-Aro-Aro-Aro-Aro-Gro-Uro-Gro-Gro-Cro-Aro-Cro-Cro-Gro-Aro-Gro-Uro-Cro-Gro-Gro-Uro-Gro-Cro-Uro-Ums-Ums-Um,2,6.601535122865134,8.773483260076416,6.7507850074798865,75.30889552102556,0.0,56.12662510846139,74.93943105062263
-Gms-Ums-Cms-Gro-Cro-Uro-Cro-Cro-Cro-Cro-Gro-Gro-Cro-Aro-Uro-Cro-Gro-Gro-Cro-Uro-Gro-Uro-Uro-Uro-Uro-Aro-Gro-Aro-Gro-Cro-Uro-Aro-Gro-Aro-Aro-Aro-Uro-Aro-Gro-Cro-Aro-Aro-Gro-Uro-Uro-Aro-Aro-Aro-Aro-Uro-Aro-Aro-Gro-Gro-Cro-Uro-Aro-Gro-Uro-Cro-Cro-Gro-Uro-Uro-Aro-Uro-Cro-Aro-Aro-Cro-Uro-Uro-Gro-Aro-Aro-Aro-Aro-Aro-Gro-Uro-Gro-Gro-Cro-Aro-Cro-Cro-Gro-Aro-Gro-Uro-Cro-Gro-Gro-Uro-Gro-Cro-Uro-Ums-Ums-Um,2,5.94787550554562,8.052659574402133,5.726767788859305,74.51076930317875,0.0,56.12662510846139,74.93943105062263
-Ams-Gms-Cms-Aro-Gro-Cro-Aro-Gro-Cro-Gro-Gro-Cro-Gro-Gro-Cro-Aro-Aro-Cro-Aro-Gro-Gro-Uro-Uro-Uro-Uro-Aro-Gro-Aro-Gro-Cro-Uro-Aro-Gro-Aro-Aro-Aro-Uro-Aro-Gro-Cro-Aro-Aro-Gro-Uro-Uro-Aro-Aro-Aro-Aro-Uro-Aro-Aro-Gro-Gro-Cro-Uro-Aro-Gro-Uro-Cro-Cro-Gro-Uro-Uro-Aro-Uro-Cro-Aro-Aro-Cro-Uro-Uro-Gro-Aro-Aro-Aro-Aro-Aro-Gro-Uro-Gro-Gro-Cro-Aro-Cro-Cro-Gro-Aro-Gro-Uro-Cro-Gro-Gro-Uro-Gro-Cro-Uro-Ums-Ums-Um,2,7.565831703237362,9.23458817599481,7.029432737579003,68.41577073861555,0.00020500583601650198,56.12662510846139,74.93943105062263
-Ums-Cms-Ams-Aro-Uro-Uro-Uro-Uro-Aro-Aro-Gro-Aro-Cro-Cro-Uro-Cro-Cro-Cro-Uro-Gro-Gro-Uro-Uro-Uro-Uro-Aro-Gro-Aro-Gro-Cro-Uro-Aro-Gro-Aro-Aro-Aro-Uro-Aro-Gro-Cro-Aro-Aro-Gro-Uro-Uro-Aro-Aro-Aro-Aro-Uro-Aro-Aro-Gro-Gro-Cro-Uro-Aro-Gro-Uro-Cro-Cro-Gro-Uro-Uro-Aro-Uro-Cro-Aro-Aro-Cro-Uro-Uro-Gro-Aro-Aro-Aro-Aro-Aro-Gro-Uro-Gro-Gro-Cro-Aro-Cro-Cro-Gro-Aro-Gro-Uro-Cro-Gro-Gro-Uro-Gro-Cro-Uro-Ums-Ums-Um,2,3.809474064362669,5.577459920311948,7.261049874790998,78.33651791340486,0.0,56.12662510846139,74.93943105062263
-Ums-Cms-Ams-Aro-Uro-Uro-Uro-Uro-Aro-Aro-Gro-Aro-Cro-Cro-Uro-Cro-Cro-Cro-Uro-Gro-Gro-Uro-Uro-Uro-Uro-Aro-Gro-Aro-Gro-Cro-Uro-Aro-Gro-Aro-Aro-Aro-Uro-Aro-Gro-Cro-Aro-Aro-Gro-Uro-Uro-Aro-Aro-Aro-Aro-Uro-Aro-Aro-Gro-Gro-Cro-Uro-Aro-Gro-Uro-Cro-Cro-Gro-Uro-Uro-Aro-Uro-Cro-Aro-Aro-Cro-Uro-Uro-Gro-Aro-Aro-Aro-Aro-Aro-Gro-Uro-Gro-Gro-Cro-Aro-Cro-Cro-Gro-Aro-Gro-Uro-Cro-Gro-Gro-Uro-Gro-Cro-Uro-Ums-Ums-Um,2,7.160577701892888,6.1634601773743745,5.562306003829018,62.071010561698564,0.0401667229840111,56.12662510846139,74.93943105062263
-Gms-Ums-Cms-Gro-Cro-Uro-Cro-Cro-Cro-Cro-Gro-Gro-Cro-Aro-Uro-Cro-Gro-Gro-Cro-Uro-Gro-Uro-Uro-Uro-Uro-Aro-Gro-Aro-Gro-Cro-Uro-Aro-Gro-Aro-Aro-Aro-Uro-Aro-Gro-Cro-Aro-Aro-Gro-Uro-Uro-Aro-Aro-Aro-Aro-Uro-Aro-Aro-Gro-Gro-Cro-Uro-Aro-Gro-Uro-Cro-Cro-Gro-Uro-Uro-Aro-Uro-Cro-Aro-Aro-Cro-Uro-Uro-Gro-Aro-Aro-Aro-Aro-Aro-Gro-Uro-Gro-Gro-Cro-Aro-Cro-Cro-Gro-Aro-Gro-Uro-Cro-Gro-Gro-Uro-Gro-Cro-Uro-Ums-Ums-Um,2,7.649038030289892,6.718282361873812,9.9065818193248,74.01531890811741,0.0,56.12662510846139,74.93943105062263
-Ams-Gms-Cms-Aro-Gro-Cro-Aro-Gro-Cro-Gro-Gro-Cro-Gro-Gro-Cro-Aro-Aro-Cro-Aro-Gro-Gro-Uro-Uro-Uro-Uro-Aro-Gro-Aro-Gro-Cro-Uro-Aro-Gro-Aro-Aro-Aro-Uro-Aro-Gro-Cro-Aro-Aro-Gro-Uro-Uro-Aro-Aro-Aro-Aro-Uro-Aro-Aro-Gro-Gro-Cro-Uro-Aro-Gro-Uro-Cro-Cro-Gro-Uro-Uro-Aro-Uro-Cro-Aro-Aro-Cro-Uro-Uro-Gro-Aro-Aro-Aro-Aro-Aro-Gro-Uro-Gro-Gro-Cro-Aro-Cro-Cro-Gro-Aro-Gro-Uro-Cro-Gro-Gro-Uro-Gro-Cro-Uro-Ums-Ums-Um,2,3.525673515380388,7.96289165178494,7.582164874584107,76.05186121120117,0.0,56.12662510846139,74.93943105062263
-Cms-Ums-Cms-Cro-Cro-Uro-Cro-Cro-Cro-Aro-Gro-Gro-Aro-Uro-Cro-Cro-Uro-Cro-Uro-Cro-Gro-Uro-Uro-Uro-Uro-Aro-Gro-Aro-Gro-Cro-Uro-Aro-Gro-Aro-Aro-Aro-Uro-Aro-Gro-Cro-Aro-Aro-Gro-Uro-Uro-Aro-Aro-Aro-Aro-Uro-Aro-Aro-Gro-Gro-Cro-Uro-Aro-Gro-Uro-Cro-Cro-Gro-Uro-Uro-Aro-Uro-Cro-Aro-Aro-Cro-Uro-Uro-Gro-Aro-Aro-Aro-Aro-Aro-Gro-Uro-Gro-Gro-Cro-Aro-Cro-Cro-Gro-Aro-Gro-Uro-Cro-Gro-Gro-Uro-Gro-Cro-Uro-Ums-Ums-Um,2,5.418883804116166,13.772704884269428,7.472759619052959,67.64009360743276,0.0,56.12662510846139,74.93943105062263
-Gms-Ums-Cms-Gro-Cro-Uro-Cro-Cro-Cro-Cro-Gro-Gro-Cro-Aro-Uro-Cro-Gro-Gro-Cro-Uro-Gro-Uro-Uro-Uro-Uro-Aro-Gro-Aro-Gro-Cro-Uro-Aro-Gro-Aro-Aro-Aro-Uro-Aro-Gro-Cro-Aro-Aro-Gro-Uro-Uro-Aro-Aro-Aro-Aro-Uro-Aro-Aro-Gro-Gro-Cro-Uro-Aro-Gro-Uro-Cro-Cro-Gro-Uro-Uro-Aro-Uro-Cro-Aro-Aro-Cro-Uro-Uro-Gro-Aro-Aro-Aro-Aro-Aro-Gro-Uro-Gro-Gro-Cro-Aro-Cro-Cro-Gro-Aro-Gro-Uro-Cro-Gro-Gro-Uro-Gro-Cro-Uro-Ums-Ums-Um,2,5.071966557898317,8.878813676504969,11.199713196193905,75.38113363928906,0.0,56.12662510846139,74.93943105062263
-Cms-Ums-Cms-Cro-Cro-Uro-Cro-Cro-Cro-Aro-Gro-Gro-Aro-Uro-Cro-Cro-Uro-Cro-Uro-Cro-Gro-Uro-Uro-Uro-Uro-Aro-Gro-Aro-Gro-Cro-Uro-Aro-Gro-Aro-Aro-Aro-Uro-Aro-Gro-Cro-Aro-Aro-Gro-Uro-Uro-Aro-Aro-Aro-Aro-Uro-Aro-Aro-Gro-Gro-Cro-Uro-Aro-Gro-Uro-Cro-Cro-Gro-Uro-Uro-Aro-Uro-Cro-Aro-Aro-Cro-Uro-Uro-Gro-Aro-Aro-Aro-Aro-Aro-Gro-Uro-Gro-Gro-Cro-Aro-Cro-Cro-Gro-Aro-Gro-Uro-Cro-Gro-Gro-Uro-Gro-Cro-Uro-Ums-Ums-Um,2,6.359482808674916,8.8764778399751,5.786174074339837,75.43042442044897,0.008945165548276252,56.12662510846139,74.93943105062263
-Ums-Cms-Ams-Gro-Gro-Cro-Cro-Gro-Cro-Aro-Gro-Gro-Aro-Aro-Gro-Aro-Gro-Gro-Aro-Aro-Gro-Uro-Uro-Uro-Uro-Aro-Gro-Aro-Gro-Cro-Uro-Aro-Gro-Aro-Aro-Aro-Uro-Aro-Gro-Cro-Aro-Aro-Gro-Uro-Uro-Aro-Aro-Aro-Aro-Uro-Aro-Aro-Gro-Gro-Cro-Uro-Aro-Gro-Uro-Cro-Cro-Gro-Uro-Uro-Aro-Uro-Cro-Aro-Aro-Cro-Uro-Uro-Gro-Aro-Aro-Aro-Aro-Aro-Gro-Uro-Gro-Gro-Cro-Aro-Cro-Cro-Gro-Aro-Gro-Uro-Cro-Gro-Gro-Uro-Gro-Cro-Uro-Ums-Ums-Um,3,,,,,,12.239413,0.0131435
-Gms-Ums-Cms-Gro-Cro-Uro-Cro-Cro-Cro-Cro-Gro-Gro-Cro-Aro-Uro-Cro-Gro-Gro-Cro-Uro-Gro-Uro-Uro-Uro-Uro-Aro-Gro-Aro-Gro-Cro-Uro-Aro-Gro-Aro-Aro-Aro-Uro-Aro-Gro-Cro-Aro-Aro-Gro-Uro-Uro-Aro-Aro-Aro-Aro-Uro-Aro-Aro-Gro-Gro-Cro-Uro-Aro-Gro-Uro-Cro-Cro-Gro-Uro-Uro-Aro-Uro-Cro-Aro-Aro-Cro-Uro-Uro-Gro-Aro-Aro-Aro-Aro-Aro-Gro-Uro-Gro-Gro-Cro-Aro-Cro-Cro-Gro-Aro-Gro-Uro-Cro-Gro-Gro-Uro-Gro-Cro-Uro-Ums-Ums-Um,3,,,,,,12.239413,0.0131435
-Gms-Ums-Ams-Uro-Aro-Uro-Aro-Gro-Aro-Uro-Gro-Aro-Aro-Gro-Gro-Uro-Cro-Aro-Cro-Uro-Gro-Uro-Uro-Uro-Uro-Aro-Gro-Aro-Gro-Cro-Uro-Aro-Gro-Aro-Aro-Aro-Uro-Aro-Gro-Cro-Aro-Aro-Gro-Uro-Uro-Aro-Aro-Aro-Aro-Uro-Aro-Aro-Gro-Gro-Cro-Uro-Aro-Gro-Uro-Cro-Cro-Gro-Uro-Uro-Aro-Uro-Cro-Aro-Aro-Cro-Uro-Uro-Gro-Aro-Aro-Aro-Aro-Aro-Gro-Uro-Gro-Gro-Cro-Aro-Cro-Cro-Gro-Aro-Gro-Uro-Cro-Gro-Gro-Uro-Gro-Cro-Uro-Ums-Ums-Um,3,,,,,,12.239413,0.0131435
-Ums-Cms-Ams-Gro-Gro-Cro-Cro-Gro-Cro-Aro-Gro-Gro-Aro-Aro-Gro-Aro-Gro-Gro-Aro-Aro-Gro-Uro-Uro-Uro-Uro-Aro-Gro-Aro-Gro-Cro-Uro-Aro-Gro-Aro-Aro-Aro-Uro-Aro-Gro-Cro-Aro-Aro-Gro-Uro-Uro-Aro-Aro-Aro-Aro-Uro-Aro-Aro-Gro-Gro-Cro-Uro-Aro-Gro-Uro-Cro-Cro-Gro-Uro-Uro-Aro-Uro-Cro-Aro-Aro-Cro-Uro-Uro-Gro-Aro-Aro-Aro-Aro-Aro-Gro-Uro-Gro-Gro-Cro-Aro-Cro-Cro-Gro-Aro-Gro-Uro-Cro-Gro-Gro-Uro-Gro-Cro-Uro-Ums-Ums-Um,3,,,,,,12.239413,0.0131435
-Cms-Ums-Cms-Cro-Cro-Uro-Cro-Cro-Cro-Aro-Gro-Gro-Aro-Uro-Cro-Cro-Uro-Cro-Uro-Cro-Gro-Uro-Uro-Uro-Uro-Aro-Gro-Aro-Gro-Cro-Uro-Aro-Gro-Aro-Aro-Aro-Uro-Aro-Gro-Cro-Aro-Aro-Gro-Uro-Uro-Aro-Aro-Aro-Aro-Uro-Aro-Aro-Gro-Gro-Cro-Uro-Aro-Gro-Uro-Cro-Cro-Gro-Uro-Uro-Aro-Uro-Cro-Aro-Aro-Cro-Uro-Uro-Gro-Aro-Aro-Aro-Aro-Aro-Gro-Uro-Gro-Gro-Cro-Aro-Cro-Cro-Gro-Aro-Gro-Uro-Cro-Gro-Gro-Uro-Gro-Cro-Uro-Ums-Ums-Um,3,,,,,,12.239413,0.0131435
-Gms-Ums-Cms-Gro-Cro-Uro-Cro-Cro-Cro-Cro-Gro-Gro-Cro-Aro-Uro-Cro-Gro-Gro-Cro-Uro-Gro-Uro-Uro-Uro-Uro-Aro-Gro-Aro-Gro-Cro-Uro-Aro-Gro-Aro-Aro-Aro-Uro-Aro-Gro-Cro-Aro-Aro-Gro-Uro-Uro-Aro-Aro-Aro-Aro-Uro-Aro-Aro-Gro-Gro-Cro-Uro-Aro-Gro-Uro-Cro-Cro-Gro-Uro-Uro-Aro-Uro-Cro-Aro-Aro-Cro-Uro-Uro-Gro-Aro-Aro-Aro-Aro-Aro-Gro-Uro-Gro-Gro-Cro-Aro-Cro-Cro-Gro-Aro-Gro-Uro-Cro-Gro-Gro-Uro-Gro-Cro-Uro-Ums-Ums-Um,3,,,,,,12.239413,0.0131435
-Ams-Cms-Ums-Cro-Cro-Aro-Gro-Uro-Cro-Uro-Uro-Uro-Cro-Uro-Aro-Gro-Aro-Aro-Gro-Aro-Gro-Uro-Uro-Uro-Uro-Aro-Gro-Aro-Gro-Cro-Uro-Aro-Gro-Aro-Aro-Aro-Uro-Aro-Gro-Cro-Aro-Aro-Gro-Uro-Uro-Aro-Aro-Aro-Aro-Uro-Aro-Aro-Gro-Gro-Cro-Uro-Aro-Gro-Uro-Cro-Cro-Gro-Uro-Uro-Aro-Uro-Cro-Aro-Aro-Cro-Uro-Uro-Gro-Aro-Aro-Aro-Aro-Aro-Gro-Uro-Gro-Gro-Cro-Aro-Cro-Cro-Gro-Aro-Gro-Uro-Cro-Gro-Gro-Uro-Gro-Cro-Uro-Ums-Ums-Um,3,,,,,,12.239413,0.0131435
-Gms-Cms-Ams-Uro-Cro-Gro-Uro-Cro-Gro-Cro-Gro-Gro-Gro-Aro-Gro-Gro-Cro-Uro-Gro-Cro-Gro-Uro-Uro-Uro-Uro-Aro-Gro-Aro-Gro-Cro-Uro-Aro-Gro-Aro-Aro-Aro-Uro-Aro-Gro-Cro-Aro-Aro-Gro-Uro-Uro-Aro-Aro-Aro-Aro-Uro-Aro-Aro-Gro-Gro-Cro-Uro-Aro-Gro-Uro-Cro-Cro-Gro-Uro-Uro-Aro-Uro-Cro-Aro-Aro-Cro-Uro-Uro-Gro-Aro-Aro-Aro-Aro-Aro-Gro-Uro-Gro-Gro-Cro-Aro-Cro-Cro-Gro-Aro-Gro-Uro-Cro-Gro-Gro-Uro-Gro-Cro-Uro-Ums-Ums-Um,3,,,,,,12.239413,0.0131435
-Ams-Cms-Ums-Cro-Cro-Aro-Gro-Uro-Cro-Uro-Uro-Uro-Cro-Uro-Aro-Gro-Aro-Aro-Gro-Aro-Gro-Uro-Uro-Uro-Uro-Aro-Gro-Aro-Gro-Cro-Uro-Aro-Gro-Aro-Aro-Aro-Uro-Aro-Gro-Cro-Aro-Aro-Gro-Uro-Uro-Aro-Aro-Aro-Aro-Uro-Aro-Aro-Gro-Gro-Cro-Uro-Aro-Gro-Uro-Cro-Cro-Gro-Uro-Uro-Aro-Uro-Cro-Aro-Aro-Cro-Uro-Uro-Gro-Aro-Aro-Aro-Aro-Aro-Gro-Uro-Gro-Gro-Cro-Aro-Cro-Cro-Gro-Aro-Gro-Uro-Cro-Gro-Gro-Uro-Gro-Cro-Uro-Ums-Ums-Um,3,,,,,,12.239413,0.0131435
-Gms-Ums-Ams-Uro-Aro-Uro-Aro-Gro-Aro-Uro-Gro-Aro-Aro-Gro-Gro-Uro-Cro-Aro-Cro-Uro-Gro-Uro-Uro-Uro-Uro-Aro-Gro-Aro-Gro-Cro-Uro-Aro-Gro-Aro-Aro-Aro-Uro-Aro-Gro-Cro-Aro-Aro-Gro-Uro-Uro-Aro-Aro-Aro-Aro-Uro-Aro-Aro-Gro-Gro-Cro-Uro-Aro-Gro-Uro-Cro-Cro-Gro-Uro-Uro-Aro-Uro-Cro-Aro-Aro-Cro-Uro-Uro-Gro-Aro-Aro-Aro-Aro-Aro-Gro-Uro-Gro-Gro-Cro-Aro-Cro-Cro-Gro-Aro-Gro-Uro-Cro-Gro-Gro-Uro-Gro-Cro-Uro-Ums-Ums-Um,3,,,,,,12.239413,0.0131435
-Ums-Cms-Ams-Gro-Gro-Cro-Cro-Gro-Cro-Aro-Gro-Gro-Aro-Aro-Gro-Aro-Gro-Gro-Aro-Aro-Gro-Uro-Uro-Uro-Uro-Aro-Gro-Aro-Gro-Cro-Uro-Aro-Gro-Aro-Aro-Aro-Uro-Aro-Gro-Cro-Aro-Aro-Gro-Uro-Uro-Aro-Aro-Aro-Aro-Uro-Aro-Aro-Gro-Gro-Cro-Uro-Aro-Gro-Uro-Cro-Cro-Gro-Uro-Uro-Aro-Uro-Cro-Aro-Aro-Cro-Uro-Uro-Gro-Aro-Aro-Aro-Aro-Aro-Gro-Uro-Gro-Gro-Cro-Aro-Cro-Cro-Gro-Aro-Gro-Uro-Cro-Gro-Gro-Uro-Gro-Cro-Uro-Ums-Ums-Um,3,,,,,,12.239413,0.0131435
-Gms-Cms-Ams-Uro-Cro-Gro-Uro-Cro-Gro-Cro-Gro-Gro-Gro-Aro-Gro-Gro-Cro-Uro-Gro-Cro-Gro-Uro-Uro-Uro-Uro-Aro-Gro-Aro-Gro-Cro-Uro-Aro-Gro-Aro-Aro-Aro-Uro-Aro-Gro-Cro-Aro-Aro-Gro-Uro-Uro-Aro-Aro-Aro-Aro-Uro-Aro-Aro-Gro-Gro-Cro-Uro-Aro-Gro-Uro-Cro-Cro-Gro-Uro-Uro-Aro-Uro-Cro-Aro-Aro-Cro-Uro-Uro-Gro-Aro-Aro-Aro-Aro-Aro-Gro-Uro-Gro-Gro-Cro-Aro-Cro-Cro-Gro-Aro-Gro-Uro-Cro-Gro-Gro-Uro-Gro-Cro-Uro-Ums-Ums-Um,3,,,,,,12.239413,0.0131435
-Ums-Cms-Ams-Aro-Uro-Uro-Uro-Uro-Aro-Aro-Gro-Aro-Cro-Cro-Uro-Cro-Cro-Cro-Uro-Gro-Gro-Uro-Uro-Uro-Uro-Aro-Gro-Aro-Gro-Cro-Uro-Aro-Gro-Aro-Aro-Aro-Uro-Aro-Gro-Cro-Aro-Aro-Gro-Uro-Uro-Aro-Aro-Aro-Aro-Uro-Aro-Aro-Gro-Gro-Cro-Uro-Aro-Gro-Uro-Cro-Cro-Gro-Uro-Uro-Aro-Uro-Cro-Aro-Aro-Cro-Uro-Uro-Gro-Aro-Aro-Aro-Aro-Aro-Gro-Uro-Gro-Gro-Cro-Aro-Cro-Cro-Gro-Aro-Gro-Uro-Cro-Gro-Gro-Uro-Gro-Cro-Uro-Ums-Ums-Um,3,,,,,,12.239413,0.0131435
-Gms-Ums-Cms-Gro-Cro-Uro-Cro-Cro-Cro-Cro-Gro-Gro-Cro-Aro-Uro-Cro-Gro-Gro-Cro-Uro-Gro-Uro-Uro-Uro-Uro-Aro-Gro-Aro-Gro-Cro-Uro-Aro-Gro-Aro-Aro-Aro-Uro-Aro-Gro-Cro-Aro-Aro-Gro-Uro-Uro-Aro-Aro-Aro-Aro-Uro-Aro-Aro-Gro-Gro-Cro-Uro-Aro-Gro-Uro-Cro-Cro-Gro-Uro-Uro-Aro-Uro-Cro-Aro-Aro-Cro-Uro-Uro-Gro-Aro-Aro-Aro-Aro-Aro-Gro-Uro-Gro-Gro-Cro-Aro-Cro-Cro-Gro-Aro-Gro-Uro-Cro-Gro-Gro-Uro-Gro-Cro-Uro-Ums-Ums-Um,3,,,,,,12.239413,0.0131435
-Gms-Ums-Ams-Uro-Aro-Uro-Aro-Gro-Aro-Uro-Gro-Aro-Aro-Gro-Gro-Uro-Cro-Aro-Cro-Uro-Gro-Uro-Uro-Uro-Uro-Aro-Gro-Aro-Gro-Cro-Uro-Aro-Gro-Aro-Aro-Aro-Uro-Aro-Gro-Cro-Aro-Aro-Gro-Uro-Uro-Aro-Aro-Aro-Aro-Uro-Aro-Aro-Gro-Gro-Cro-Uro-Aro-Gro-Uro-Cro-Cro-Gro-Uro-Uro-Aro-Uro-Cro-Aro-Aro-Cro-Uro-Uro-Gro-Aro-Aro-Aro-Aro-Aro-Gro-Uro-Gro-Gro-Cro-Aro-Cro-Cro-Gro-Aro-Gro-Uro-Cro-Gro-Gro-Uro-Gro-Cro-Uro-Ums-Ums-Um,3,,,,,,12.239413,0.0131435
-Ams-Gms-Cms-Aro-Gro-Cro-Aro-Gro-Cro-Gro-Gro-Cro-Gro-Gro-Cro-Aro-Aro-Cro-Aro-Gro-Gro-Uro-Uro-Uro-Uro-Aro-Gro-Aro-Gro-Cro-Uro-Aro-Gro-Aro-Aro-Aro-Uro-Aro-Gro-Cro-Aro-Aro-Gro-Uro-Uro-Aro-Aro-Aro-Aro-Uro-Aro-Aro-Gro-Gro-Cro-Uro-Aro-Gro-Uro-Cro-Cro-Gro-Uro-Uro-Aro-Uro-Cro-Aro-Aro-Cro-Uro-Uro-Gro-Aro-Aro-Aro-Aro-Aro-Gro-Uro-Gro-Gro-Cro-Aro-Cro-Cro-Gro-Aro-Gro-Uro-Cro-Gro-Gro-Uro-Gro-Cro-Uro-Ums-Ums-Um,3,,,,,,12.239413,0.0131435
-Cro-Gro-Cro-Gro-Aro-Gro-Cro-Aro-Cro-Aro-Gro-Cro-Uro-Aro-Aro-Gro-Gro-Cro-Cro-Aro-Gro-Uro-Uro-Uro-Uro-Aro-Gro-Aro-Gro-Cro-Uro-Aro-Gro-Aro-Aro-Aro-Uro-Aro-Gro-Cro-Aro-Aro-Gro-Uro-Uro-Aro-Aro-Aro-Aro-Uro-Aro-Aro-Gro-Gro-Cro-Uro-Aro-Gro-Uro-Cro-Cro-Gro-Uro-Uro-Aro-Uro-Cro-Aro-Aro-Cro-Uro-Uro-Gro-Aro-Aro-Aro-Aro-Aro-Gro-Uro-Gro-Gro-Cro-Aro-Cro-Cro-Gro-Aro-Gro-Uro-Cro-Gro-Gro-Uro-Gro-Cro-Uro-Uro-Uro-Ur,4,5.66681978637834,6.702311782163034,0.871229779312189,78.70287790167019,0.06422566417616582,61.54623944607366,60.1608465371596
-Gro-Uro-Cro-Aro-Uro-Gro-Gro-Aro-Gro-Aro-Cro-Aro-Gro-Gro-Uro-Gro-Cro-Uro-Cro-Uro-Gro-Uro-Uro-Uro-Uro-Aro-Gro-Aro-Gro-Cro-Uro-Aro-Gro-Aro-Aro-Aro-Uro-Aro-Gro-Cro-Aro-Aro-Gro-Uro-Uro-Aro-Aro-Aro-Aro-Uro-Aro-Aro-Gro-Gro-Cro-Uro-Aro-Gro-Uro-Cro-Cro-Gro-Uro-Uro-Aro-Uro-Cro-Aro-Aro-Cro-Uro-Uro-Gro-Aro-Aro-Aro-Aro-Aro-Gro-Uro-Gro-Gro-Cro-Aro-Cro-Cro-Gro-Aro-Gro-Uro-Cro-Gro-Gro-Uro-Gro-Cro-Uro-Uro-Uro-Ur,4,,,0.0945396180930834,28.57795306407977,0.0,61.54623944607366,60.1608465371596
-Gro-Cro-Aro-Gro-Cro-Cro-Cro-Uro-Cro-Cro-Aro-Cro-Uro-Cro-Cro-Cro-Aro-Uro-Gro-Gro-Gro-Uro-Uro-Uro-Uro-Aro-Gro-Aro-Gro-Cro-Uro-Aro-Gro-Aro-Aro-Aro-Uro-Aro-Gro-Cro-Aro-Aro-Gro-Uro-Uro-Aro-Aro-Aro-Aro-Uro-Aro-Aro-Gro-Gro-Cro-Uro-Aro-Gro-Uro-Cro-Cro-Gro-Uro-Uro-Aro-Uro-Cro-Aro-Aro-Cro-Uro-Uro-Gro-Aro-Aro-Aro-Aro-Aro-Gro-Uro-Gro-Gro-Cro-Aro-Cro-Cro-Gro-Aro-Gro-Uro-Cro-Gro-Gro-Uro-Gro-Cro-Uro-Uro-Uro-Ur,4,4.236548513074585,7.822135699572192,5.352454185657172,76.64574389288367,0.0,61.54623944607366,60.1608465371596
-Cro-Gro-Aro-Aro-Uro-Aro-Uro-Gro-Aro-Uro-Cro-Cro-Aro-Aro-Cro-Aro-Aro-Uro-Aro-Gro-Gro-Uro-Uro-Uro-Uro-Aro-Gro-Aro-Gro-Cro-Uro-Aro-Gro-Aro-Aro-Aro-Uro-Aro-Gro-Cro-Aro-Aro-Gro-Uro-Uro-Aro-Aro-Aro-Aro-Uro-Aro-Aro-Gro-Gro-Cro-Uro-Aro-Gro-Uro-Cro-Cro-Gro-Uro-Uro-Aro-Uro-Cro-Aro-Aro-Cro-Uro-Uro-Gro-Aro-Aro-Aro-Aro-Aro-Gro-Uro-Gro-Gro-Cro-Aro-Cro-Cro-Gro-Aro-Gro-Uro-Cro-Gro-Gro-Uro-Gro-Cro-Uro-Uro-Uro-Ur,4,5.526472696802293,8.78302935244163,4.8617729791210005,76.28170920248738,0.023882038303098863,61.54623944607366,60.1608465371596
-Gro-Uro-Cro-Aro-Uro-Gro-Gro-Aro-Gro-Aro-Cro-Aro-Gro-Gro-Uro-Gro-Cro-Uro-Cro-Uro-Gro-Uro-Uro-Uro-Uro-Aro-Gro-Aro-Gro-Cro-Uro-Aro-Gro-Aro-Aro-Aro-Uro-Aro-Gro-Cro-Aro-Aro-Gro-Uro-Uro-Aro-Aro-Aro-Aro-Uro-Aro-Aro-Gro-Gro-Cro-Uro-Aro-Gro-Uro-Cro-Cro-Gro-Uro-Uro-Aro-Uro-Cro-Aro-Aro-Cro-Uro-Uro-Gro-Aro-Aro-Aro-Aro-Aro-Gro-Uro-Gro-Gro-Cro-Aro-Cro-Cro-Gro-Aro-Gro-Uro-Cro-Gro-Gro-Uro-Gro-Cro-Uro-Uro-Uro-Ur,4,3.0282074929400133,10.63737452332578,0.7639422970271262,75.13039086487869,0.041731627993311995,61.54623944607366,60.1608465371596
-Gro-Cro-Aro-Gro-Cro-Cro-Cro-Uro-Cro-Cro-Aro-Cro-Uro-Cro-Cro-Cro-Aro-Uro-Gro-Gro-Gro-Uro-Uro-Uro-Uro-Aro-Gro-Aro-Gro-Cro-Uro-Aro-Gro-Aro-Aro-Aro-Uro-Aro-Gro-Cro-Aro-Aro-Gro-Uro-Uro-Aro-Aro-Aro-Aro-Uro-Aro-Aro-Gro-Gro-Cro-Uro-Aro-Gro-Uro-Cro-Cro-Gro-Uro-Uro-Aro-Uro-Cro-Aro-Aro-Cro-Uro-Uro-Gro-Aro-Aro-Aro-Aro-Aro-Gro-Uro-Gro-Gro-Cro-Aro-Cro-Cro-Gro-Aro-Gro-Uro-Cro-Gro-Gro-Uro-Gro-Cro-Uro-Uro-Uro-Ur,4,6.0527490390434515,7.8863035555464105,3.8427592608118752,71.97677682352013,0.013124372576181258,61.54623944607366,60.1608465371596
-Cro-Gro-Aro-Aro-Uro-Aro-Uro-Gro-Aro-Uro-Cro-Cro-Aro-Aro-Cro-Aro-Aro-Uro-Aro-Gro-Gro-Uro-Uro-Uro-Uro-Aro-Gro-Aro-Gro-Cro-Uro-Aro-Gro-Aro-Aro-Aro-Uro-Aro-Gro-Cro-Aro-Aro-Gro-Uro-Uro-Aro-Aro-Aro-Aro-Uro-Aro-Aro-Gro-Gro-Cro-Uro-Aro-Gro-Uro-Cro-Cro-Gro-Uro-Uro-Aro-Uro-Cro-Aro-Aro-Cro-Uro-Uro-Gro-Aro-Aro-Aro-Aro-Aro-Gro-Uro-Gro-Gro-Cro-Aro-Cro-Cro-Gro-Aro-Gro-Uro-Cro-Gro-Gro-Uro-Gro-Cro-Uro-Uro-Uro-Ur,4,7.326563454782263,4.378354591940143,6.889429492396218,69.82357896757996,0.0540028653706136,61.54623944607366,60.1608465371596
-Cro-Gro-Cro-Gro-Aro-Gro-Cro-Aro-Cro-Aro-Gro-Cro-Uro-Aro-Aro-Gro-Gro-Cro-Cro-Aro-Gro-Uro-Uro-Uro-Uro-Aro-Gro-Aro-Gro-Cro-Uro-Aro-Gro-Aro-Aro-Aro-Uro-Aro-Gro-Cro-Aro-Aro-Gro-Uro-Uro-Aro-Aro-Aro-Aro-Uro-Aro-Aro-Gro-Gro-Cro-Uro-Aro-Gro-Uro-Cro-Cro-Gro-Uro-Uro-Aro-Uro-Cro-Aro-Aro-Cro-Uro-Uro-Gro-Aro-Aro-Aro-Aro-Aro-Gro-Uro-Gro-Gro-Cro-Aro-Cro-Cro-Gro-Aro-Gro-Uro-Cro-Gro-Gro-Uro-Gro-Cro-Uro-Uro-Uro-Ur,4,6.199599997237115,8.253855582358007,2.248489650329234,74.09150725000372,0.0,61.54623944607366,60.1608465371596
-Cro-Gro-Aro-Aro-Uro-Aro-Uro-Gro-Aro-Uro-Cro-Cro-Aro-Aro-Cro-Aro-Aro-Uro-Aro-Gro-Gro-Uro-Uro-Uro-Uro-Aro-Gro-Aro-Gro-Cro-Uro-Aro-Gro-Aro-Aro-Aro-Uro-Aro-Gro-Cro-Aro-Aro-Gro-Uro-Uro-Aro-Aro-Aro-Aro-Uro-Aro-Aro-Gro-Gro-Cro-Uro-Aro-Gro-Uro-Cro-Cro-Gro-Uro-Uro-Aro-Uro-Cro-Aro-Aro-Cro-Uro-Uro-Gro-Aro-Aro-Aro-Aro-Aro-Gro-Uro-Gro-Gro-Cro-Aro-Cro-Cro-Gro-Aro-Gro-Uro-Cro-Gro-Gro-Uro-Gro-Cro-Uro-Uro-Uro-Ur,4,,,0.44224664615162373,37.596392776675756,0.016556229921622586,61.54623944607366,60.1608465371596
-Cro-Gro-Aro-Aro-Uro-Aro-Uro-Gro-Aro-Uro-Cro-Cro-Aro-Aro-Cro-Aro-Aro-Uro-Aro-Gro-Gro-Uro-Uro-Uro-Uro-Aro-Gro-Aro-Gro-Cro-Uro-Aro-Gro-Aro-Aro-Aro-Uro-Aro-Gro-Cro-Aro-Aro-Gro-Uro-Uro-Aro-Aro-Aro-Aro-Uro-Aro-Aro-Gro-Gro-Cro-Uro-Aro-Gro-Uro-Cro-Cro-Gro-Uro-Uro-Aro-Uro-Cro-Aro-Aro-Cro-Uro-Uro-Gro-Aro-Aro-Aro-Aro-Aro-Gro-Uro-Gro-Gro-Cro-Aro-Cro-Cro-Gro-Aro-Gro-Uro-Cro-Gro-Gro-Uro-Gro-Cro-Uro-Uro-Uro-Ur,4,8.589516681951729,7.935955394519877,2.3974621550228123,69.19207323751776,0.014348545820427777,61.54623944607366,60.1608465371596
-Gro-Cro-Aro-Gro-Cro-Cro-Cro-Uro-Cro-Cro-Aro-Cro-Uro-Cro-Cro-Cro-Aro-Uro-Gro-Gro-Gro-Uro-Uro-Uro-Uro-Aro-Gro-Aro-Gro-Cro-Uro-Aro-Gro-Aro-Aro-Aro-Uro-Aro-Gro-Cro-Aro-Aro-Gro-Uro-Uro-Aro-Aro-Aro-Aro-Uro-Aro-Aro-Gro-Gro-Cro-Uro-Aro-Gro-Uro-Cro-Cro-Gro-Uro-Uro-Aro-Uro-Cro-Aro-Aro-Cro-Uro-Uro-Gro-Aro-Aro-Aro-Aro-Aro-Gro-Uro-Gro-Gro-Cro-Aro-Cro-Cro-Gro-Aro-Gro-Uro-Cro-Gro-Gro-Uro-Gro-Cro-Uro-Uro-Uro-Ur,4,5.26622482247748,12.650897378128448,0.970611518768822,74.58323332678836,0.0,61.54623944607366,60.1608465371596
-Gro-Uro-Cro-Aro-Cro-Cro-Uro-Cro-Cro-Aro-Aro-Uro-Gro-Aro-Cro-Uro-Aro-Gro-Gro-Gro-Gro-Uro-Uro-Uro-Uro-Aro-Gro-Aro-Gro-Cro-Uro-Aro-Gro-Aro-Aro-Aro-Uro-Aro-Gro-Cro-Aro-Aro-Gro-Uro-Uro-Aro-Aro-Aro-Aro-Uro-Aro-Aro-Gro-Gro-Cro-Uro-Aro-Gro-Uro-Cro-Cro-Gro-Uro-Uro-Aro-Uro-Cro-Aro-Aro-Cro-Uro-Uro-Gro-Aro-Aro-Aro-Aro-Aro-Gro-Uro-Gro-Gro-Cro-Aro-Cro-Cro-Gro-Aro-Gro-Uro-Cro-Gro-Gro-Uro-Gro-Cro-Uro-Uro-Uro-Ur,4,6.507388027675283,4.168987233132387,8.501462068319906,74.10685176657896,0.0,61.54623944607366,60.1608465371596
-Gro-Cro-Aro-Gro-Cro-Cro-Cro-Uro-Cro-Cro-Aro-Cro-Uro-Cro-Cro-Cro-Aro-Uro-Gro-Gro-Gro-Uro-Uro-Uro-Uro-Aro-Gro-Aro-Gro-Cro-Uro-Aro-Gro-Aro-Aro-Aro-Uro-Aro-Gro-Cro-Aro-Aro-Gro-Uro-Uro-Aro-Aro-Aro-Aro-Uro-Aro-Aro-Gro-Gro-Cro-Uro-Aro-Gro-Uro-Cro-Cro-Gro-Uro-Uro-Aro-Uro-Cro-Aro-Aro-Cro-Uro-Uro-Gro-Aro-Aro-Aro-Aro-Aro-Gro-Uro-Gro-Gro-Cro-Aro-Cro-Cro-Gro-Aro-Gro-Uro-Cro-Gro-Gro-Uro-Gro-Cro-Uro-Uro-Uro-Ur,4,2.5136065411790827,10.858472129084346,3.6925928869256675,72.59298204542964,0.0365700795166275,61.54623944607366,60.1608465371596
-Cro-Gro-Cro-Gro-Aro-Gro-Cro-Aro-Cro-Aro-Gro-Cro-Uro-Aro-Aro-Gro-Gro-Cro-Cro-Aro-Gro-Uro-Uro-Uro-Uro-Aro-Gro-Aro-Gro-Cro-Uro-Aro-Gro-Aro-Aro-Aro-Uro-Aro-Gro-Cro-Aro-Aro-Gro-Uro-Uro-Aro-Aro-Aro-Aro-Uro-Aro-Aro-Gro-Gro-Cro-Uro-Aro-Gro-Uro-Cro-Cro-Gro-Uro-Uro-Aro-Uro-Cro-Aro-Aro-Cro-Uro-Uro-Gro-Aro-Aro-Aro-Aro-Aro-Gro-Uro-Gro-Gro-Cro-Aro-Cro-Cro-Gro-Aro-Gro-Uro-Cro-Gro-Gro-Uro-Gro-Cro-Uro-Uro-Uro-Ur,4,6.683261195970331,6.574870922968297,1.1673852545005516,75.63304338113568,0.08386259020854661,61.54623944607366,60.1608465371596
-Cro-Aro-Cro-Cro-Cro-Gro-Cro-Cro-Cro-Aro-Gro-Gro-Uro-Cro-Uro-Gro-Gro-Gro-Uro-Aro-Gro-Uro-Uro-Uro-Uro-Aro-Gro-Aro-Gro-Cro-Uro-Aro-Gro-Aro-Aro-Aro-Uro-Aro-Gro-Cro-Aro-Aro-Gro-Uro-Uro-Aro-Aro-Aro-Aro-Uro-Aro-Aro-Gro-Gro-Cro-Uro-Aro-Gro-Uro-Cro-Cro-Gro-Uro-Uro-Aro-Uro-Cro-Aro-Aro-Cro-Uro-Uro-Gro-Aro-Aro-Aro-Aro-Aro-Gro-Uro-Gro-Gro-Cro-Aro-Cro-Cro-Gro-Aro-Gro-Uro-Cro-Gro-Gro-Uro-Gro-Cro-Uro-Uro-Uro-Ur,4,4.460613826120726,6.702635044179665,4.326839667140424,84.69777906327386,0.02100911933064848,61.54623944607366,60.1608465371596
-Gro-Aro-Cro-Gro-Cro-Aro-Uro-Aro-Aro-Aro-Gro-Aro-Uro-Gro-Aro-Gro-Aro-Cro-Gro-Cro-Gro-Uro-Uro-Uro-Uro-Aro-Gro-Aro-Gro-Cro-Uro-Aro-Gro-Aro-Aro-Aro-Uro-Aro-Gro-Cro-Aro-Aro-Gro-Uro-Uro-Aro-Aro-Aro-Aro-Uro-Aro-Aro-Gro-Gro-Cro-Uro-Aro-Gro-Uro-Cro-Cro-Gro-Uro-Uro-Aro-Uro-Cro-Aro-Aro-Cro-Uro-Uro-Gro-Aro-Aro-Aro-Aro-Aro-Gro-Uro-Gro-Gro-Cro-Aro-Cro-Cro-Gro-Aro-Gro-Uro-Cro-Gro-Gro-Uro-Gro-Cro-Uro-Uro-Uro-Ur,4,2.2324252374420164,9.253953187378771,4.944360339521833,76.49678745116114,0.0,61.54623944607366,60.1608465371596
-Gro-Aro-Cro-Gro-Cro-Aro-Uro-Aro-Aro-Aro-Gro-Aro-Uro-Gro-Aro-Gro-Aro-Cro-Gro-Cro-Gro-Uro-Uro-Uro-Uro-Aro-Gro-Aro-Gro-Cro-Uro-Aro-Gro-Aro-Aro-Aro-Uro-Aro-Gro-Cro-Aro-Aro-Gro-Uro-Uro-Aro-Aro-Aro-Aro-Uro-Aro-Aro-Gro-Gro-Cro-Uro-Aro-Gro-Uro-Cro-Cro-Gro-Uro-Uro-Aro-Uro-Cro-Aro-Aro-Cro-Uro-Uro-Gro-Aro-Aro-Aro-Aro-Aro-Gro-Uro-Gro-Gro-Cro-Aro-Cro-Cro-Gro-Aro-Gro-Uro-Cro-Gro-Gro-Uro-Gro-Cro-Uro-Uro-Uro-Ur,5,3.369139978565493,3.9874010260964097,5.60504044447306,78.08957652930057,0.17409858914198253,56.2370462307029,108.42159720976423
-Cro-Gro-Aro-Aro-Uro-Aro-Uro-Gro-Aro-Uro-Cro-Cro-Aro-Aro-Cro-Aro-Aro-Uro-Aro-Gro-Gro-Uro-Uro-Uro-Uro-Aro-Gro-Aro-Gro-Cro-Uro-Aro-Gro-Aro-Aro-Aro-Uro-Aro-Gro-Cro-Aro-Aro-Gro-Uro-Uro-Aro-Aro-Aro-Aro-Uro-Aro-Aro-Gro-Gro-Cro-Uro-Aro-Gro-Uro-Cro-Cro-Gro-Uro-Uro-Aro-Uro-Cro-Aro-Aro-Cro-Uro-Uro-Gro-Aro-Aro-Aro-Aro-Aro-Gro-Uro-Gro-Gro-Cro-Aro-Cro-Cro-Gro-Aro-Gro-Uro-Cro-Gro-Gro-Uro-Gro-Cro-Uro-Uro-Uro-Ur,5,3.700506065672684,5.864637880674094,7.858214758316501,84.89384839743798,0.5856505748281803,56.2370462307029,108.42159720976423
-Gro-Aro-Cro-Gro-Cro-Aro-Uro-Aro-Aro-Aro-Gro-Aro-Uro-Gro-Aro-Gro-Aro-Cro-Gro-Cro-Gro-Uro-Uro-Uro-Uro-Aro-Gro-Aro-Gro-Cro-Uro-Aro-Gro-Aro-Aro-Aro-Uro-Aro-Gro-Cro-Aro-Aro-Gro-Uro-Uro-Aro-Aro-Aro-Aro-Uro-Aro-Aro-Gro-Gro-Cro-Uro-Aro-Gro-Uro-Cro-Cro-Gro-Uro-Uro-Aro-Uro-Cro-Aro-Aro-Cro-Uro-Uro-Gro-Aro-Aro-Aro-Aro-Aro-Gro-Uro-Gro-Gro-Cro-Aro-Cro-Cro-Gro-Aro-Gro-Uro-Cro-Gro-Gro-Uro-Gro-Cro-Uro-Uro-Uro-Ur,5,7.3502406184399245,9.868112897788063,8.129809354090874,72.0764625231032,0.41946985557373423,56.2370462307029,108.42159720976423
-Gro-Aro-Cro-Gro-Cro-Aro-Uro-Aro-Aro-Aro-Gro-Aro-Uro-Gro-Aro-Gro-Aro-Cro-Gro-Cro-Gro-Uro-Uro-Uro-Uro-Aro-Gro-Aro-Gro-Cro-Uro-Aro-Gro-Aro-Aro-Aro-Uro-Aro-Gro-Cro-Aro-Aro-Gro-Uro-Uro-Aro-Aro-Aro-Aro-Uro-Aro-Aro-Gro-Gro-Cro-Uro-Aro-Gro-Uro-Cro-Cro-Gro-Uro-Uro-Aro-Uro-Cro-Aro-Aro-Cro-Uro-Uro-Gro-Aro-Aro-Aro-Aro-Aro-Gro-Uro-Gro-Gro-Cro-Aro-Cro-Cro-Gro-Aro-Gro-Uro-Cro-Gro-Gro-Uro-Gro-Cro-Uro-Uro-Uro-Ur,5,5.594045391560745,6.535247482986274,6.226543443407275,70.58035329067687,0.26278178846045513,56.2370462307029,108.42159720976423
-Gro-Aro-Cro-Gro-Cro-Aro-Uro-Aro-Aro-Aro-Gro-Aro-Uro-Gro-Aro-Gro-Aro-Cro-Gro-Cro-Gro-Uro-Uro-Uro-Uro-Aro-Gro-Aro-Gro-Cro-Uro-Aro-Gro-Aro-Aro-Aro-Uro-Aro-Gro-Cro-Aro-Aro-Gro-Uro-Uro-Aro-Aro-Aro-Aro-Uro-Aro-Aro-Gro-Gro-Cro-Uro-Aro-Gro-Uro-Cro-Cro-Gro-Uro-Uro-Aro-Uro-Cro-Aro-Aro-Cro-Uro-Uro-Gro-Aro-Aro-Aro-Aro-Aro-Gro-Uro-Gro-Gro-Cro-Aro-Cro-Cro-Gro-Aro-Gro-Uro-Cro-Gro-Gro-Uro-Gro-Cro-Uro-Uro-Uro-Ur,5,6.578734538014508,7.847421497858074,6.901961727999355,74.3417950957811,0.6352088497536567,56.2370462307029,108.42159720976423
-Cro-Aro-Cro-Cro-Cro-Gro-Cro-Cro-Cro-Aro-Gro-Gro-Uro-Cro-Uro-Gro-Gro-Gro-Uro-Aro-Gro-Uro-Uro-Uro-Uro-Aro-Gro-Aro-Gro-Cro-Uro-Aro-Gro-Aro-Aro-Aro-Uro-Aro-Gro-Cro-Aro-Aro-Gro-Uro-Uro-Aro-Aro-Aro-Aro-Uro-Aro-Aro-Gro-Gro-Cro-Uro-Aro-Gro-Uro-Cro-Cro-Gro-Uro-Uro-Aro-Uro-Cro-Aro-Aro-Cro-Uro-Uro-Gro-Aro-Aro-Aro-Aro-Aro-Gro-Uro-Gro-Gro-Cro-Aro-Cro-Cro-Gro-Aro-Gro-Uro-Cro-Gro-Gro-Uro-Gro-Cro-Uro-Uro-Uro-Ur,5,4.50334067243394,6.896443452567941,8.937384040952974,76.55476157347346,0.33985796054929696,56.2370462307029,108.42159720976423
-Aro-Cro-Aro-Aro-Gro-Aro-Uro-Uro-Uro-Aro-Cro-Cro-Uro-Cro-Uro-Aro-Uro-Uro-Gro-Uro-Gro-Uro-Uro-Uro-Uro-Aro-Gro-Aro-Gro-Cro-Uro-Aro-Gro-Aro-Aro-Aro-Uro-Aro-Gro-Cro-Aro-Aro-Gro-Uro-Uro-Aro-Aro-Aro-Aro-Uro-Aro-Aro-Gro-Gro-Cro-Uro-Aro-Gro-Uro-Cro-Cro-Gro-Uro-Uro-Aro-Uro-Cro-Aro-Aro-Cro-Uro-Uro-Gro-Aro-Aro-Aro-Aro-Aro-Gro-Uro-Gro-Gro-Cro-Aro-Cro-Cro-Gro-Aro-Gro-Uro-Cro-Gro-Gro-Uro-Gro-Cro-Uro-Uro-Uro-Ur,5,6.700908922417374,6.486181841928214,9.011714221450347,69.48491673990986,0.09306936545064012,56.2370462307029,108.42159720976423
-Aro-Cro-Aro-Aro-Aro-Gro-Uro-Cro-Aro-Cro-Aro-Uro-Gro-Gro-Uro-Uro-Cro-Aro-Cro-Aro-Gro-Uro-Uro-Uro-Uro-Aro-Gro-Aro-Gro-Cro-Uro-Aro-Gro-Aro-Aro-Aro-Uro-Aro-Gro-Cro-Aro-Aro-Gro-Uro-Uro-Aro-Aro-Aro-Aro-Uro-Aro-Aro-Gro-Gro-Cro-Uro-Aro-Gro-Uro-Cro-Cro-Gro-Uro-Uro-Aro-Uro-Cro-Aro-Aro-Cro-Uro-Uro-Gro-Aro-Aro-Aro-Aro-Aro-Gro-Uro-Gro-Gro-Cro-Aro-Cro-Cro-Gro-Aro-Gro-Uro-Cro-Gro-Gro-Uro-Gro-Cro-Uro-Uro-Uro-Ur,5,4.8869142460780255,7.307557382094751,4.952299995085409,74.98524408269097,0.5820992293657782,56.2370462307029,108.42159720976423
-Gro-Gro-Cro-Cro-Gro-Aro-Gro-Aro-Uro-Gro-Uro-Cro-Uro-Cro-Gro-Cro-Uro-Cro-Cro-Gro-Gro-Uro-Uro-Uro-Uro-Aro-Gro-Aro-Gro-Cro-Uro-Aro-Gro-Aro-Aro-Aro-Uro-Aro-Gro-Cro-Aro-Aro-Gro-Uro-Uro-Aro-Aro-Aro-Aro-Uro-Aro-Aro-Gro-Gro-Cro-Uro-Aro-Gro-Uro-Cro-Cro-Gro-Uro-Uro-Aro-Uro-Cro-Aro-Aro-Cro-Uro-Uro-Gro-Aro-Aro-Aro-Aro-Aro-Gro-Uro-Gro-Gro-Cro-Aro-Cro-Cro-Gro-Aro-Gro-Uro-Cro-Gro-Gro-Uro-Gro-Cro-Uro-Uro-Uro-Ur,5,8.897921635308013,8.412679883958909,5.850126950266658,69.09052256862309,0.15840963314926873,56.2370462307029,108.42159720976423
-Aro-Cro-Aro-Aro-Gro-Aro-Uro-Uro-Uro-Aro-Cro-Cro-Uro-Cro-Uro-Aro-Uro-Uro-Gro-Uro-Gro-Uro-Uro-Uro-Uro-Aro-Gro-Aro-Gro-Cro-Uro-Aro-Gro-Aro-Aro-Aro-Uro-Aro-Gro-Cro-Aro-Aro-Gro-Uro-Uro-Aro-Aro-Aro-Aro-Uro-Aro-Aro-Gro-Gro-Cro-Uro-Aro-Gro-Uro-Cro-Cro-Gro-Uro-Uro-Aro-Uro-Cro-Aro-Aro-Cro-Uro-Uro-Gro-Aro-Aro-Aro-Aro-Aro-Gro-Uro-Gro-Gro-Cro-Aro-Cro-Cro-Gro-Aro-Gro-Uro-Cro-Gro-Gro-Uro-Gro-Cro-Uro-Uro-Uro-Ur,5,3.5293807852090318,11.793976149002724,5.827088251035134,71.94202907950039,0.03579060796839679,56.2370462307029,108.42159720976423
-Cro-Aro-Cro-Cro-Cro-Gro-Cro-Cro-Cro-Aro-Gro-Gro-Uro-Cro-Uro-Gro-Gro-Gro-Uro-Aro-Gro-Uro-Uro-Uro-Uro-Aro-Gro-Aro-Gro-Cro-Uro-Aro-Gro-Aro-Aro-Aro-Uro-Aro-Gro-Cro-Aro-Aro-Gro-Uro-Uro-Aro-Aro-Aro-Aro-Uro-Aro-Aro-Gro-Gro-Cro-Uro-Aro-Gro-Uro-Cro-Cro-Gro-Uro-Uro-Aro-Uro-Cro-Aro-Aro-Cro-Uro-Uro-Gro-Aro-Aro-Aro-Aro-Aro-Gro-Uro-Gro-Gro-Cro-Aro-Cro-Cro-Gro-Aro-Gro-Uro-Cro-Gro-Gro-Uro-Gro-Cro-Uro-Uro-Uro-Ur,5,7.079957985767017,4.849009074654652,7.610728057377754,75.30577312312305,0.011392933900827315,56.2370462307029,108.42159720976423
-Cro-Gro-Cro-Gro-Aro-Gro-Cro-Aro-Cro-Aro-Gro-Cro-Uro-Aro-Aro-Gro-Gro-Cro-Cro-Aro-Gro-Uro-Uro-Uro-Uro-Aro-Gro-Aro-Gro-Cro-Uro-Aro-Gro-Aro-Aro-Aro-Uro-Aro-Gro-Cro-Aro-Aro-Gro-Uro-Uro-Aro-Aro-Aro-Aro-Uro-Aro-Aro-Gro-Gro-Cro-Uro-Aro-Gro-Uro-Cro-Cro-Gro-Uro-Uro-Aro-Uro-Cro-Aro-Aro-Cro-Uro-Uro-Gro-Aro-Aro-Aro-Aro-Aro-Gro-Uro-Gro-Gro-Cro-Aro-Cro-Cro-Gro-Aro-Gro-Uro-Cro-Gro-Gro-Uro-Gro-Cro-Uro-Uro-Uro-Ur,5,6.855358342372913,6.42915038562716,5.569162001882306,70.95858767677613,0.4777321488530694,56.2370462307029,108.42159720976423
-Cro-Aro-Cro-Cro-Cro-Gro-Cro-Cro-Cro-Aro-Gro-Gro-Uro-Cro-Uro-Gro-Gro-Gro-Uro-Aro-Gro-Uro-Uro-Uro-Uro-Aro-Gro-Aro-Gro-Cro-Uro-Aro-Gro-Aro-Aro-Aro-Uro-Aro-Gro-Cro-Aro-Aro-Gro-Uro-Uro-Aro-Aro-Aro-Aro-Uro-Aro-Aro-Gro-Gro-Cro-Uro-Aro-Gro-Uro-Cro-Cro-Gro-Uro-Uro-Aro-Uro-Cro-Aro-Aro-Cro-Uro-Uro-Gro-Aro-Aro-Aro-Aro-Aro-Gro-Uro-Gro-Gro-Cro-Aro-Cro-Cro-Gro-Aro-Gro-Uro-Cro-Gro-Gro-Uro-Gro-Cro-Uro-Uro-Uro-Ur,5,6.0979310504223685,11.167549094239899,8.178413556893537,73.16855593798729,0.1212703343494396,56.2370462307029,108.42159720976423
-Cro-Gro-Aro-Aro-Uro-Aro-Uro-Gro-Aro-Uro-Cro-Cro-Aro-Aro-Cro-Aro-Aro-Uro-Aro-Gro-Gro-Uro-Uro-Uro-Uro-Aro-Gro-Aro-Gro-Cro-Uro-Aro-Gro-Aro-Aro-Aro-Uro-Aro-Gro-Cro-Aro-Aro-Gro-Uro-Uro-Aro-Aro-Aro-Aro-Uro-Aro-Aro-Gro-Gro-Cro-Uro-Aro-Gro-Uro-Cro-Cro-Gro-Uro-Uro-Aro-Uro-Cro-Aro-Aro-Cro-Uro-Uro-Gro-Aro-Aro-Aro-Aro-Aro-Gro-Uro-Gro-Gro-Cro-Aro-Cro-Cro-Gro-Aro-Gro-Uro-Cro-Gro-Gro-Uro-Gro-Cro-Uro-Uro-Uro-Ur,5,1.4375171725488545,10.781991624908422,8.290138879849962,73.27488693322458,0.17197343698378542,56.2370462307029,108.42159720976423
-Aro-Cro-Aro-Aro-Gro-Aro-Uro-Uro-Uro-Aro-Cro-Cro-Uro-Cro-Uro-Aro-Uro-Uro-Gro-Uro-Gro-Uro-Uro-Uro-Uro-Aro-Gro-Aro-Gro-Cro-Uro-Aro-Gro-Aro-Aro-Aro-Uro-Aro-Gro-Cro-Aro-Aro-Gro-Uro-Uro-Aro-Aro-Aro-Aro-Uro-Aro-Aro-Gro-Gro-Cro-Uro-Aro-Gro-Uro-Cro-Cro-Gro-Uro-Uro-Aro-Uro-Cro-Aro-Aro-Cro-Uro-Uro-Gro-Aro-Aro-Aro-Aro-Aro-Gro-Uro-Gro-Gro-Cro-Aro-Cro-Cro-Gro-Aro-Gro-Uro-Cro-Gro-Gro-Uro-Gro-Cro-Uro-Uro-Uro-Ur,5,2.329929312059901,6.448534394530459,6.630242328747261,75.88924114702027,0.6992047443893575,56.2370462307029,108.42159720976423
-Aro-Cro-Aro-Aro-Gro-Aro-Uro-Uro-Uro-Aro-Cro-Cro-Uro-Cro-Uro-Aro-Uro-Uro-Gro-Uro-Gro-Uro-Uro-Uro-Uro-Aro-Gro-Aro-Gro-Cro-Uro-Aro-Gro-Aro-Aro-Aro-Uro-Aro-Gro-Cro-Aro-Aro-Gro-Uro-Uro-Aro-Aro-Aro-Aro-Uro-Aro-Aro-Gro-Gro-Cro-Uro-Aro-Gro-Uro-Cro-Cro-Gro-Uro-Uro-Aro-Uro-Cro-Aro-Aro-Cro-Uro-Uro-Gro-Aro-Aro-Aro-Aro-Aro-Gro-Uro-Gro-Gro-Cro-Aro-Cro-Cro-Gro-Aro-Gro-Uro-Cro-Gro-Gro-Uro-Gro-Cro-Uro-Uro-Uro-Ur,5,4.155247558273068,6.911965350150191,7.309602058649149,75.35639121101686,0.3328576702251298,56.2370462307029,108.42159720976423
-Cro-Gro-Aro-Aro-Uro-Aro-Uro-Gro-Aro-Uro-Cro-Cro-Aro-Aro-Cro-Aro-Aro-Uro-Aro-Gro-Gro-Uro-Uro-Uro-Uro-Aro-Gro-Aro-Gro-Cro-Uro-Aro-Gro-Aro-Aro-Aro-Uro-Aro-Gro-Cro-Aro-Aro-Gro-Uro-Uro-Aro-Aro-Aro-Aro-Uro-Aro-Aro-Gro-Gro-Cro-Uro-Aro-Gro-Uro-Cro-Cro-Gro-Uro-Uro-Aro-Uro-Cro-Aro-Aro-Cro-Uro-Uro-Gro-Aro-Aro-Aro-Aro-Aro-Gro-Uro-Gro-Gro-Cro-Aro-Cro-Cro-Gro-Aro-Gro-Uro-Cro-Gro-Gro-Uro-Gro-Cro-Uro-Uro-Uro-Ur,6,3.369268660128888,12.62671675130654,5.863421571218915,75.14821815044081,0.0,60.621291241532546,68.75763239305668
-Gro-Uro-Cro-Aro-Cro-Cro-Uro-Cro-Cro-Aro-Aro-Uro-Gro-Aro-Cro-Uro-Aro-Gro-Gro-Gro-Gro-Uro-Uro-Uro-Uro-Aro-Gro-Aro-Gro-Cro-Uro-Aro-Gro-Aro-Aro-Aro-Uro-Aro-Gro-Cro-Aro-Aro-Gro-Uro-Uro-Aro-Aro-Aro-Aro-Uro-Aro-Aro-Gro-Gro-Cro-Uro-Aro-Gro-Uro-Cro-Cro-Gro-Uro-Uro-Aro-Uro-Cro-Aro-Aro-Cro-Uro-Uro-Gro-Aro-Aro-Aro-Aro-Aro-Gro-Uro-Gro-Gro-Cro-Aro-Cro-Cro-Gro-Aro-Gro-Uro-Cro-Gro-Gro-Uro-Gro-Cro-Uro-Uro-Uro-Ur,6,3.4211107153903106,9.072824641487978,6.196641088157267,76.06548793456203,0.0400635374051013,60.621291241532546,68.75763239305668
-Gro-Aro-Cro-Gro-Cro-Aro-Uro-Aro-Aro-Aro-Gro-Aro-Uro-Gro-Aro-Gro-Aro-Cro-Gro-Cro-Gro-Uro-Uro-Uro-Uro-Aro-Gro-Aro-Gro-Cro-Uro-Aro-Gro-Aro-Aro-Aro-Uro-Aro-Gro-Cro-Aro-Aro-Gro-Uro-Uro-Aro-Aro-Aro-Aro-Uro-Aro-Aro-Gro-Gro-Cro-Uro-Aro-Gro-Uro-Cro-Cro-Gro-Uro-Uro-Aro-Uro-Cro-Aro-Aro-Cro-Uro-Uro-Gro-Aro-Aro-Aro-Aro-Aro-Gro-Uro-Gro-Gro-Cro-Aro-Cro-Cro-Gro-Aro-Gro-Uro-Cro-Gro-Gro-Uro-Gro-Cro-Uro-Uro-Uro-Ur,6,3.693499665740086,10.834007510811471,7.793176919048582,74.25856643339372,0.012460651589290606,60.621291241532546,68.75763239305668
-Gro-Gro-Cro-Cro-Gro-Aro-Gro-Aro-Uro-Gro-Uro-Cro-Uro-Cro-Gro-Cro-Uro-Cro-Cro-Gro-Gro-Uro-Uro-Uro-Uro-Aro-Gro-Aro-Gro-Cro-Uro-Aro-Gro-Aro-Aro-Aro-Uro-Aro-Gro-Cro-Aro-Aro-Gro-Uro-Uro-Aro-Aro-Aro-Aro-Uro-Aro-Aro-Gro-Gro-Cro-Uro-Aro-Gro-Uro-Cro-Cro-Gro-Uro-Uro-Aro-Uro-Cro-Aro-Aro-Cro-Uro-Uro-Gro-Aro-Aro-Aro-Aro-Aro-Gro-Uro-Gro-Gro-Cro-Aro-Cro-Cro-Gro-Aro-Gro-Uro-Cro-Gro-Gro-Uro-Gro-Cro-Uro-Uro-Uro-Ur,6,4.982063027648215,9.406419896854723,4.049884647916964,73.3997460411762,0.0,60.621291241532546,68.75763239305668
-Gro-Cro-Aro-Gro-Cro-Cro-Cro-Uro-Cro-Cro-Aro-Cro-Uro-Cro-Cro-Cro-Aro-Uro-Gro-Gro-Gro-Uro-Uro-Uro-Uro-Aro-Gro-Aro-Gro-Cro-Uro-Aro-Gro-Aro-Aro-Aro-Uro-Aro-Gro-Cro-Aro-Aro-Gro-Uro-Uro-Aro-Aro-Aro-Aro-Uro-Aro-Aro-Gro-Gro-Cro-Uro-Aro-Gro-Uro-Cro-Cro-Gro-Uro-Uro-Aro-Uro-Cro-Aro-Aro-Cro-Uro-Uro-Gro-Aro-Aro-Aro-Aro-Aro-Gro-Uro-Gro-Gro-Cro-Aro-Cro-Cro-Gro-Aro-Gro-Uro-Cro-Gro-Gro-Uro-Gro-Cro-Uro-Uro-Uro-Ur,6,6.0000961405275035,6.554933522722018,8.005182214744579,78.67455526325001,0.008939620229823728,60.621291241532546,68.75763239305668
-Aro-Cro-Aro-Aro-Aro-Gro-Uro-Cro-Aro-Cro-Aro-Uro-Gro-Gro-Uro-Uro-Cro-Aro-Cro-Aro-Gro-Uro-Uro-Uro-Uro-Aro-Gro-Aro-Gro-Cro-Uro-Aro-Gro-Aro-Aro-Aro-Uro-Aro-Gro-Cro-Aro-Aro-Gro-Uro-Uro-Aro-Aro-Aro-Aro-Uro-Aro-Aro-Gro-Gro-Cro-Uro-Aro-Gro-Uro-Cro-Cro-Gro-Uro-Uro-Aro-Uro-Cro-Aro-Aro-Cro-Uro-Uro-Gro-Aro-Aro-Aro-Aro-Aro-Gro-Uro-Gro-Gro-Cro-Aro-Cro-Cro-Gro-Aro-Gro-Uro-Cro-Gro-Gro-Uro-Gro-Cro-Uro-Uro-Uro-Ur,6,4.66993246366241,10.44417479193499,4.613395200738833,71.27969451091516,0.0001658874934793702,60.621291241532546,68.75763239305668
-Gro-Uro-Cro-Aro-Uro-Gro-Gro-Aro-Gro-Aro-Cro-Aro-Gro-Gro-Uro-Gro-Cro-Uro-Cro-Uro-Gro-Uro-Uro-Uro-Uro-Aro-Gro-Aro-Gro-Cro-Uro-Aro-Gro-Aro-Aro-Aro-Uro-Aro-Gro-Cro-Aro-Aro-Gro-Uro-Uro-Aro-Aro-Aro-Aro-Uro-Aro-Aro-Gro-Gro-Cro-Uro-Aro-Gro-Uro-Cro-Cro-Gro-Uro-Uro-Aro-Uro-Cro-Aro-Aro-Cro-Uro-Uro-Gro-Aro-Aro-Aro-Aro-Aro-Gro-Uro-Gro-Gro-Cro-Aro-Cro-Cro-Gro-Aro-Gro-Uro-Cro-Gro-Gro-Uro-Gro-Cro-Uro-Uro-Uro-Ur,6,6.691567327530783,7.056015088302369,10.421998597765365,75.16155853483478,0.0,60.621291241532546,68.75763239305668
-Gro-Cro-Aro-Gro-Cro-Cro-Cro-Uro-Cro-Cro-Aro-Cro-Uro-Cro-Cro-Cro-Aro-Uro-Gro-Gro-Gro-Uro-Uro-Uro-Uro-Aro-Gro-Aro-Gro-Cro-Uro-Aro-Gro-Aro-Aro-Aro-Uro-Aro-Gro-Cro-Aro-Aro-Gro-Uro-Uro-Aro-Aro-Aro-Aro-Uro-Aro-Aro-Gro-Gro-Cro-Uro-Aro-Gro-Uro-Cro-Cro-Gro-Uro-Uro-Aro-Uro-Cro-Aro-Aro-Cro-Uro-Uro-Gro-Aro-Aro-Aro-Aro-Aro-Gro-Uro-Gro-Gro-Cro-Aro-Cro-Cro-Gro-Aro-Gro-Uro-Cro-Gro-Gro-Uro-Gro-Cro-Uro-Uro-Uro-Ur,6,10.382161908008065,9.833653847835079,7.625478612243131,72.54311169703152,0.0,60.621291241532546,68.75763239305668
-Gro-Cro-Aro-Gro-Cro-Cro-Cro-Uro-Cro-Cro-Aro-Cro-Uro-Cro-Cro-Cro-Aro-Uro-Gro-Gro-Gro-Uro-Uro-Uro-Uro-Aro-Gro-Aro-Gro-Cro-Uro-Aro-Gro-Aro-Aro-Aro-Uro-Aro-Gro-Cro-Aro-Aro-Gro-Uro-Uro-Aro-Aro-Aro-Aro-Uro-Aro-Aro-Gro-Gro-Cro-Uro-Aro-Gro-Uro-Cro-Cro-Gro-Uro-Uro-Aro-Uro-Cro-Aro-Aro-Cro-Uro-Uro-Gro-Aro-Aro-Aro-Aro-Aro-Gro-Uro-Gro-Gro-Cro-Aro-Cro-Cro-Gro-Aro-Gro-Uro-Cro-Gro-Gro-Uro-Gro-Cro-Uro-Uro-Uro-Ur,6,2.329889040995621,8.77712321334806,6.895691868571407,77.34031609372843,0.0,60.621291241532546,68.75763239305668
-Gro-Gro-Cro-Cro-Gro-Aro-Gro-Aro-Uro-Gro-Uro-Cro-Uro-Cro-Gro-Cro-Uro-Cro-Cro-Gro-Gro-Uro-Uro-Uro-Uro-Aro-Gro-Aro-Gro-Cro-Uro-Aro-Gro-Aro-Aro-Aro-Uro-Aro-Gro-Cro-Aro-Aro-Gro-Uro-Uro-Aro-Aro-Aro-Aro-Uro-Aro-Aro-Gro-Gro-Cro-Uro-Aro-Gro-Uro-Cro-Cro-Gro-Uro-Uro-Aro-Uro-Cro-Aro-Aro-Cro-Uro-Uro-Gro-Aro-Aro-Aro-Aro-Aro-Gro-Uro-Gro-Gro-Cro-Aro-Cro-Cro-Gro-Aro-Gro-Uro-Cro-Gro-Gro-Uro-Gro-Cro-Uro-Uro-Uro-Ur,6,7.292381199307604,7.302967852975051,6.397811349493738,77.67701273397537,0.0,60.621291241532546,68.75763239305668
-Gro-Gro-Cro-Cro-Gro-Aro-Gro-Aro-Uro-Gro-Uro-Cro-Uro-Cro-Gro-Cro-Uro-Cro-Cro-Gro-Gro-Uro-Uro-Uro-Uro-Aro-Gro-Aro-Gro-Cro-Uro-Aro-Gro-Aro-Aro-Aro-Uro-Aro-Gro-Cro-Aro-Aro-Gro-Uro-Uro-Aro-Aro-Aro-Aro-Uro-Aro-Aro-Gro-Gro-Cro-Uro-Aro-Gro-Uro-Cro-Cro-Gro-Uro-Uro-Aro-Uro-Cro-Aro-Aro-Cro-Uro-Uro-Gro-Aro-Aro-Aro-Aro-Aro-Gro-Uro-Gro-Gro-Cro-Aro-Cro-Cro-Gro-Aro-Gro-Uro-Cro-Gro-Gro-Uro-Gro-Cro-Uro-Uro-Uro-Ur,6,9.24367020451257,19.540172852644126,8.444157826877273,56.86907158362922,0.0,60.621291241532546,68.75763239305668
-Cro-Gro-Aro-Aro-Uro-Aro-Uro-Gro-Aro-Uro-Cro-Cro-Aro-Aro-Cro-Aro-Aro-Uro-Aro-Gro-Gro-Uro-Uro-Uro-Uro-Aro-Gro-Aro-Gro-Cro-Uro-Aro-Gro-Aro-Aro-Aro-Uro-Aro-Gro-Cro-Aro-Aro-Gro-Uro-Uro-Aro-Aro-Aro-Aro-Uro-Aro-Aro-Gro-Gro-Cro-Uro-Aro-Gro-Uro-Cro-Cro-Gro-Uro-Uro-Aro-Uro-Cro-Aro-Aro-Cro-Uro-Uro-Gro-Aro-Aro-Aro-Aro-Aro-Gro-Uro-Gro-Gro-Cro-Aro-Cro-Cro-Gro-Aro-Gro-Uro-Cro-Gro-Gro-Uro-Gro-Cro-Uro-Uro-Uro-Ur,6,8.715880343383477,5.0973831409360155,6.280039502450587,76.73050666677685,0.11322232044960286,60.621291241532546,68.75763239305668
-Gro-Uro-Cro-Aro-Uro-Gro-Gro-Aro-Gro-Aro-Cro-Aro-Gro-Gro-Uro-Gro-Cro-Uro-Cro-Uro-Gro-Uro-Uro-Uro-Uro-Aro-Gro-Aro-Gro-Cro-Uro-Aro-Gro-Aro-Aro-Aro-Uro-Aro-Gro-Cro-Aro-Aro-Gro-Uro-Uro-Aro-Aro-Aro-Aro-Uro-Aro-Aro-Gro-Gro-Cro-Uro-Aro-Gro-Uro-Cro-Cro-Gro-Uro-Uro-Aro-Uro-Cro-Aro-Aro-Cro-Uro-Uro-Gro-Aro-Aro-Aro-Aro-Aro-Gro-Uro-Gro-Gro-Cro-Aro-Cro-Cro-Gro-Aro-Gro-Uro-Cro-Gro-Gro-Uro-Gro-Cro-Uro-Uro-Uro-Ur,6,5.981747569021739,4.840686919793086,4.7930651897991865,79.03854739124513,0.0,60.621291241532546,68.75763239305668
-Gro-Aro-Cro-Gro-Cro-Aro-Uro-Aro-Aro-Aro-Gro-Aro-Uro-Gro-Aro-Gro-Aro-Cro-Gro-Cro-Gro-Uro-Uro-Uro-Uro-Aro-Gro-Aro-Gro-Cro-Uro-Aro-Gro-Aro-Aro-Aro-Uro-Aro-Gro-Cro-Aro-Aro-Gro-Uro-Uro-Aro-Aro-Aro-Aro-Uro-Aro-Aro-Gro-Gro-Cro-Uro-Aro-Gro-Uro-Cro-Cro-Gro-Uro-Uro-Aro-Uro-Cro-Aro-Aro-Cro-Uro-Uro-Gro-Aro-Aro-Aro-Aro-Aro-Gro-Uro-Gro-Gro-Cro-Aro-Cro-Cro-Gro-Aro-Gro-Uro-Cro-Gro-Gro-Uro-Gro-Cro-Uro-Uro-Uro-Ur,6,12.825024838253496,5.704007251556256,6.01057488353106,72.69697041201687,0.009770375130940648,60.621291241532546,68.75763239305668
-Gro-Gro-Cro-Cro-Gro-Aro-Gro-Aro-Uro-Gro-Uro-Cro-Uro-Cro-Gro-Cro-Uro-Cro-Cro-Gro-Gro-Uro-Uro-Uro-Uro-Aro-Gro-Aro-Gro-Cro-Uro-Aro-Gro-Aro-Aro-Aro-Uro-Aro-Gro-Cro-Aro-Aro-Gro-Uro-Uro-Aro-Aro-Aro-Aro-Uro-Aro-Aro-Gro-Gro-Cro-Uro-Aro-Gro-Uro-Cro-Cro-Gro-Uro-Uro-Aro-Uro-Cro-Aro-Aro-Cro-Uro-Uro-Gro-Aro-Aro-Aro-Aro-Aro-Gro-Uro-Gro-Gro-Cro-Aro-Cro-Cro-Gro-Aro-Gro-Uro-Cro-Gro-Gro-Uro-Gro-Cro-Uro-Uro-Uro-Ur,6,12.798967347282886,7.519151184342664,6.914514421891392,70.78238030443913,0.04290916831676117,60.621291241532546,68.75763239305668
-Aro-Cro-Aro-Aro-Aro-Gro-Uro-Cro-Aro-Cro-Aro-Uro-Gro-Gro-Uro-Uro-Cro-Aro-Cro-Aro-Gro-Uro-Uro-Uro-Uro-Aro-Gro-Aro-Gro-Cro-Uro-Aro-Gro-Aro-Aro-Aro-Uro-Aro-Gro-Cro-Aro-Aro-Gro-Uro-Uro-Aro-Aro-Aro-Aro-Uro-Aro-Aro-Gro-Gro-Cro-Uro-Aro-Gro-Uro-Cro-Cro-Gro-Uro-Uro-Aro-Uro-Cro-Aro-Aro-Cro-Uro-Uro-Gro-Aro-Aro-Aro-Aro-Aro-Gro-Uro-Gro-Gro-Cro-Aro-Cro-Cro-Gro-Aro-Gro-Uro-Cro-Gro-Gro-Uro-Gro-Cro-Uro-Uro-Uro-Ur,6,5.059156893783275,4.048597661831806,6.341388047472033,75.05444638578746,0.024705805598771193,60.621291241532546,68.75763239305668
-Tdo-Tdo-Cdo-Cdo-Tdo-Cdo-Gdo-Aro-Gro-Gro-Aro-Gro-Gro-Uro-Gro-Gro-Cro-Aro-Gro-Aro-Gro-Uro-Uro-Uro-Uro-Aro-Gro-Aro-Gro-Gro-Aro-Uro-Uro-Gro-Cro-Ur,7,2.7071706800702313,3.182322738494869,13.272709294917068,83.34133026734136,0.0,20.585040807019094,81.76163779577168
-Aro-Gro-Gro-Aro-Aro-Gdo-Gdo-Cdo-Cdo-Cdo-Cro-Aro-Gro-Cro-Aro-Gro-Gro-Cro-Aro-Aro-Gro-Uro-Uro-Uro-Uro-Aro-Gro-Aro-Gro-Gro-Aro-Uro-Uro-Gro-Cro-Ur,7,3.4029093122858223,7.468126221989515,11.743390255340461,82.93331640147106,0.0,20.585040807019094,81.76163779577168
-Ado-Gdo-Gdo-Ado-Ado-Gro-Gro-Cro-Cro-Cro-Cro-Aro-Gro-Cro-Aro-Gro-Gro-Cro-Aro-Aro-Gro-Uro-Uro-Uro-Uro-Aro-Gro-Aro-Gro-Gro-Aro-Uro-Uro-Gro-Cro-Ur,7,1.6864053837698743,2.735485720976729,12.527742060179424,89.76871314512367,0.051950749706708765,20.585040807019094,81.76163779577168
-Uro-Gro-Gro-Cdo-Tdo-Gdo-Tdo-Gdo-Tdo-Cdo-Aro-Uro-Cro-Aro-Uro-Cro-Aro-Uro-Gro-Gro-Gro-Uro-Uro-Uro-Uro-Aro-Gro-Aro-Gro-Gro-Aro-Uro-Uro-Gro-Cro-Ur,7,3.6001477484927995,7.2233588530525115,14.078356230466166,80.375961783621,0.033670697701057635,20.585040807019094,81.76163779577168
-Gro-Gro-Cro-Uro-Gro-Tdo-Gdo-Tdo-Cdo-Ado-Uro-Cro-Aro-Uro-Cro-Aro-Uro-Gro-Gro-Uro-Gro-Uro-Uro-Uro-Uro-Aro-Gro-Aro-Gro-Gro-Aro-Uro-Uro-Gro-Cro-Ur,7,2.280185288131124,6.067686625956423,13.75001482471586,83.49494104079584,0.0,20.585040807019094,81.76163779577168
-Uro-Uro-Cro-Cdo-Tdo-Cdo-Gdo-Ado-Gdo-Gdo-Aro-Gro-Gro-Uro-Gro-Gro-Cro-Aro-Gro-Aro-Gro-Uro-Uro-Uro-Uro-Aro-Gro-Aro-Gro-Gro-Aro-Uro-Uro-Gro-Cro-Ur,7,1.1656927380849775,3.512087366049547,14.100165835470746,89.70201887151563,0.0,20.585040807019094,81.76163779577168
-Uro-Uro-Cro-Cdo-Tdo-Cdo-Gdo-Ado-Gdo-Gdo-Aro-Gro-Gro-Uro-Gro-Gro-Cro-Aro-Gro-Aro-Gro-Uro-Uro-Uro-Uro-Aro-Gro-Aro-Gro-Gro-Aro-Uro-Uro-Gro-Cro-Ur,7,1.5288837642051154,7.951194049714203,13.623526919056852,77.37933668131505,0.0,20.585040807019094,81.76163779577168
-Ado-Gdo-Gdo-Ado-Ado-Gdo-Gdo-Cro-Cro-Cro-Cro-Aro-Gro-Cro-Aro-Gro-Gro-Cro-Aro-Aro-Gro-Uro-Uro-Uro-Uro-Aro-Gro-Aro-Gro-Gro-Aro-Uro-Uro-Gro-Cro-Ur,7,2.467836241747256,2.918626764108051,14.642236704362068,88.27986783337377,0.040313199442748505,20.585040807019094,81.76163779577168
-Aro-Gro-Gro-Ado-Ado-Gdo-Gdo-Cdo-Cdo-Cdo-Cro-Aro-Gro-Cro-Aro-Gro-Gro-Cro-Aro-Aro-Gro-Uro-Uro-Uro-Uro-Aro-Gro-Aro-Gro-Gro-Aro-Uro-Uro-Gro-Cro-Ur,7,2.467728298233029,8.943607309582081,12.670805162490714,78.1954960348408,0.018160444632765047,20.585040807019094,81.76163779577168
-Ado-Gdo-Gdo-Ado-Ado-Gro-Gro-Cro-Cro-Cro-Cro-Aro-Gro-Cro-Aro-Gro-Gro-Cro-Aro-Aro-Gro-Uro-Uro-Uro-Uro-Aro-Gro-Aro-Gro-Gro-Aro-Uro-Uro-Gro-Cro-Ur,7,4.201312268046104,2.6250641112530544,9.193382292358692,83.56485450655885,0.0,20.585040807019094,81.76163779577168
-Uro-Gro-Gro-Cdo-Tdo-Gdo-Tdo-Gdo-Tdo-Cdo-Aro-Uro-Cro-Aro-Uro-Cro-Aro-Uro-Gro-Gro-Gro-Uro-Uro-Uro-Uro-Aro-Gro-Aro-Gro-Gro-Aro-Uro-Uro-Gro-Cro-Ur,7,3.142754575545113,2.925227711551445,11.639364175529641,85.60458969202719,0.0,20.585040807019094,81.76163779577168
-Tdo-Tdo-Cdo-Cdo-Tdo-Cdo-Gdo-Aro-Gro-Gro-Aro-Gro-Gro-Uro-Gro-Gro-Cro-Aro-Gro-Aro-Gro-Uro-Uro-Uro-Uro-Aro-Gro-Aro-Gro-Gro-Aro-Uro-Uro-Gro-Cro-Ur,7,2.069295399897662,2.8351713545667327,12.38627293544639,90.26048345517593,0.0,20.585040807019094,81.76163779577168
-Uro-Gro-Gro-Cro-Uro-Gdo-Tdo-Gdo-Tdo-Cdo-Aro-Uro-Cro-Aro-Uro-Cro-Aro-Uro-Gro-Gro-Gro-Uro-Uro-Uro-Uro-Aro-Gro-Aro-Gro-Gro-Aro-Uro-Uro-Gro-Cro-Ur,7,6.062160218779858,5.174244716242744,13.077428256550416,76.71029996959315,0.0,20.585040807019094,81.76163779577168
-Uro-Gro-Gro-Cro-Uro-Gdo-Tdo-Gdo-Tdo-Cdo-Aro-Uro-Cro-Aro-Uro-Cro-Aro-Uro-Gro-Gro-Gro-Uro-Uro-Uro-Uro-Aro-Gro-Aro-Gro-Gro-Aro-Uro-Uro-Gro-Cro-Ur,7,2.005963905246355,3.749596633899932,9.430237552931704,89.47370007345754,0.010697548220494589,20.585040807019094,81.76163779577168
-Aro-Gro-Gro-Ado-Ado-Gdo-Gdo-Cdo-Cdo-Cdo-Cro-Aro-Gro-Cro-Aro-Gro-Gro-Cro-Aro-Aro-Gro-Uro-Uro-Uro-Uro-Aro-Gro-Aro-Gro-Gro-Aro-Uro-Uro-Gro-Cro-Ur,7,2.662895841631522,4.5353316788572124,11.928755288755873,84.81901959907673,0.0,20.585040807019094,81.76163779577168
-Uro-Gro-Gro-Cro-Uro-Gdo-Tdo-Gdo-Tdo-Cdo-Aro-Uro-Cro-Aro-Uro-Cro-Aro-Uro-Gro-Gro-Gro-Uro-Uro-Uro-Uro-Aro-Gro-Aro-Gro-Gro-Aro-Uro-Uro-Gro-Cro-Ur,7,1.948826931854604,4.9016278589733675,9.33713888316261,86.51288469416914,0.050641635590940794,20.585040807019094,81.76163779577168
-Tdo-Gdo-Gdo-Cdo-Tdo-Gdo-Tdo-Gro-Uro-Cro-Aro-Uro-Cro-Aro-Uro-Cro-Aro-Uro-Gro-Gro-Gro-Uro-Uro-Uro-Uro-Aro-Gro-Aro-Gro-Gro-Aro-Uro-Uro-Gro-Cro-Ur,8,,,-0.08907159561445191,,,22.262646625699336,61.099977068129135
-Tdo-Tdo-Cdo-Cdo-Tdo-Cdo-Gdo-Aro-Gro-Gro-Aro-Gro-Gro-Uro-Gro-Gro-Cro-Aro-Gro-Aro-Gro-Uro-Uro-Uro-Uro-Aro-Gro-Aro-Gro-Gro-Aro-Uro-Uro-Gro-Cro-Ur,8,,,-0.09467440706639252,,,22.262646625699336,61.099977068129135
-Uro-Gro-Gro-Cro-Uro-Gdo-Tdo-Gdo-Tdo-Cdo-Aro-Uro-Cro-Aro-Uro-Cro-Aro-Uro-Gro-Gro-Gro-Uro-Uro-Uro-Uro-Aro-Gro-Aro-Gro-Gro-Aro-Uro-Uro-Gro-Cro-Ur,8,,,-0.09055580304279051,,,22.262646625699336,61.099977068129135
-Ado-Gdo-Gdo-Ado-Ado-Gdo-Gdo-Cro-Cro-Cro-Cro-Aro-Gro-Cro-Aro-Gro-Gro-Cro-Aro-Aro-Gro-Uro-Uro-Uro-Uro-Aro-Gro-Aro-Gro-Gro-Aro-Uro-Uro-Gro-Cro-Ur,8,,,-0.11510510713053976,,,22.262646625699336,61.099977068129135
-Uro-Uro-Cro-Cdo-Tdo-Cdo-Gdo-Ado-Gdo-Gdo-Aro-Gro-Gro-Uro-Gro-Gro-Cro-Aro-Gro-Aro-Gro-Uro-Uro-Uro-Uro-Aro-Gro-Aro-Gro-Gro-Aro-Uro-Uro-Gro-Cro-Ur,8,,,-0.09361635515827434,,,22.262646625699336,61.099977068129135
-Aro-Gro-Gro-Aro-Aro-Gdo-Gdo-Cdo-Cdo-Cdo-Cro-Aro-Gro-Cro-Aro-Gro-Gro-Cro-Aro-Aro-Gro-Uro-Uro-Uro-Uro-Aro-Gro-Aro-Gro-Gro-Aro-Uro-Uro-Gro-Cro-Ur,8,,,-0.09771565733560132,,,22.262646625699336,61.099977068129135
-Ado-Gdo-Gdo-Ado-Ado-Gdo-Gdo-Cro-Cro-Cro-Cro-Aro-Gro-Cro-Aro-Gro-Gro-Cro-Aro-Aro-Gro-Uro-Uro-Uro-Uro-Aro-Gro-Aro-Gro-Gro-Aro-Uro-Uro-Gro-Cro-Ur,8,,,-0.11469069731814992,,,22.262646625699336,61.099977068129135
-Gro-Gro-Cro-Uro-Gro-Tdo-Gdo-Tdo-Cdo-Ado-Uro-Cro-Aro-Uro-Cro-Aro-Uro-Gro-Gro-Uro-Gro-Uro-Uro-Uro-Uro-Aro-Gro-Aro-Gro-Gro-Aro-Uro-Uro-Gro-Cro-Ur,8,,,-0.1077389734999808,,,22.262646625699336,61.099977068129135
-Aro-Gro-Gro-Aro-Aro-Gdo-Gdo-Cdo-Cdo-Cdo-Cro-Aro-Gro-Cro-Aro-Gro-Gro-Cro-Aro-Aro-Gro-Uro-Uro-Uro-Uro-Aro-Gro-Aro-Gro-Gro-Aro-Uro-Uro-Gro-Cro-Ur,8,,,-0.11273105616114029,,,22.262646625699336,61.099977068129135
-Uro-Uro-Cro-Cdo-Tdo-Cdo-Gdo-Ado-Gdo-Gdo-Aro-Gro-Gro-Uro-Gro-Gro-Cro-Aro-Gro-Aro-Gro-Uro-Uro-Uro-Uro-Aro-Gro-Aro-Gro-Gro-Aro-Uro-Uro-Gro-Cro-Ur,8,,,-0.08802368741800913,,,22.262646625699336,61.099977068129135
-Ado-Gdo-Gdo-Ado-Ado-Gdo-Gdo-Cro-Cro-Cro-Cro-Aro-Gro-Cro-Aro-Gro-Gro-Cro-Aro-Aro-Gro-Uro-Uro-Uro-Uro-Aro-Gro-Aro-Gro-Gro-Aro-Uro-Uro-Gro-Cro-Ur,8,,,-0.10480190565161934,,,22.262646625699336,61.099977068129135
-Ado-Gdo-Gdo-Ado-Ado-Gdo-Gdo-Cro-Cro-Cro-Cro-Aro-Gro-Cro-Aro-Gro-Gro-Cro-Aro-Aro-Gro-Uro-Uro-Uro-Uro-Aro-Gro-Aro-Gro-Gro-Aro-Uro-Uro-Gro-Cro-Ur,8,,,-0.11742580164803046,,,22.262646625699336,61.099977068129135
-Ado-Gdo-Gdo-Ado-Ado-Gdo-Gdo-Cro-Cro-Cro-Cro-Aro-Gro-Cro-Aro-Gro-Gro-Cro-Aro-Aro-Gro-Uro-Uro-Uro-Uro-Aro-Gro-Aro-Gro-Gro-Aro-Uro-Uro-Gro-Cro-Ur,8,,,-0.09850648374610581,,,22.262646625699336,61.099977068129135
-Ado-Gdo-Gdo-Ado-Ado-Gro-Gro-Cro-Cro-Cro-Cro-Aro-Gro-Cro-Aro-Gro-Gro-Cro-Aro-Aro-Gro-Uro-Uro-Uro-Uro-Aro-Gro-Aro-Gro-Gro-Aro-Uro-Uro-Gro-Cro-Ur,8,,,-0.10568905153412327,,,22.262646625699336,61.099977068129135
-Uro-Uro-Cro-Cdo-Tdo-Cdo-Gdo-Ado-Gdo-Gdo-Aro-Gro-Gro-Uro-Gro-Gro-Cro-Aro-Gro-Aro-Gro-Uro-Uro-Uro-Uro-Aro-Gro-Aro-Gro-Gro-Aro-Uro-Uro-Gro-Cro-Ur,8,,,-0.11737992993652857,,,22.262646625699336,61.099977068129135
-Tdo-Gdo-Gdo-Cdo-Tdo-Gdo-Tdo-Gro-Uro-Cro-Aro-Uro-Cro-Aro-Uro-Cro-Aro-Uro-Gro-Gro-Gro-Uro-Uro-Uro-Uro-Aro-Gro-Aro-Gro-Gro-Aro-Uro-Uro-Gro-Cro-Ur,8,,,-0.1061458529414234,,,22.262646625699336,61.099977068129135
-Uro-Gro-Gro-Cdo-Tdo-Gdo-Tdo-Gdo-Tdo-Cdo-Aro-Uro-Cro-Aro-Uro-Cro-Aro-Uro-Gro-Gro-Gro-Uro-Uro-Uro-Uro-Aro-Gro-Aro-Gro-Gro-Aro-Uro-Uro-Gro-Cro-Ur,9,2.0805656780473454,3.164623325323735,13.05899323966844,87.17389410619947,0.035702242530485775,24.138570415830152,53.483468604781294
-Uro-Gro-Gro-Cro-Uro-Gdo-Tdo-Gdo-Tdo-Cdo-Aro-Uro-Cro-Aro-Uro-Cro-Aro-Uro-Gro-Gro-Gro-Uro-Uro-Uro-Uro-Aro-Gro-Aro-Gro-Gro-Aro-Uro-Uro-Gro-Cro-Ur,9,2.881483515496933,5.7310439314143204,11.942469353661318,85.5640284175566,0.0,24.138570415830152,53.483468604781294
-Ado-Gdo-Gdo-Ado-Ado-Gro-Gro-Cro-Cro-Cro-Cro-Aro-Gro-Cro-Aro-Gro-Gro-Cro-Aro-Aro-Gro-Uro-Uro-Uro-Uro-Aro-Gro-Aro-Gro-Gro-Aro-Uro-Uro-Gro-Cro-Ur,9,1.8873385487657905,8.290674572128745,15.046220954862298,83.42410961324971,0.034703572862293385,24.138570415830152,53.483468604781294
-Uro-Gro-Gro-Cro-Uro-Gdo-Tdo-Gdo-Tdo-Cdo-Aro-Uro-Cro-Aro-Uro-Cro-Aro-Uro-Gro-Gro-Gro-Uro-Uro-Uro-Uro-Aro-Gro-Aro-Gro-Gro-Aro-Uro-Uro-Gro-Cro-Ur,9,2.489467895817864,7.099328386859721,10.292218784316384,82.35484379696251,0.0,24.138570415830152,53.483468604781294
-Gro-Gro-Cro-Uro-Gro-Tdo-Gdo-Tdo-Cdo-Ado-Uro-Cro-Aro-Uro-Cro-Aro-Uro-Gro-Gro-Uro-Gro-Uro-Uro-Uro-Uro-Aro-Gro-Aro-Gro-Gro-Aro-Uro-Uro-Gro-Cro-Ur,9,2.265778245059974,7.99244541490782,11.223317475235264,82.56673325154391,0.0,24.138570415830152,53.483468604781294
-Ado-Gdo-Gdo-Ado-Ado-Gdo-Gdo-Cro-Cro-Cro-Cro-Aro-Gro-Cro-Aro-Gro-Gro-Cro-Aro-Aro-Gro-Uro-Uro-Uro-Uro-Aro-Gro-Aro-Gro-Gro-Aro-Uro-Uro-Gro-Cro-Ur,9,4.523644616202794,2.059699726265614,9.079008752873182,78.41213879079685,0.05632174722618387,24.138570415830152,53.483468604781294
-Aro-Gro-Gro-Ado-Ado-Gdo-Gdo-Cdo-Cdo-Cdo-Cro-Aro-Gro-Cro-Aro-Gro-Gro-Cro-Aro-Aro-Gro-Uro-Uro-Uro-Uro-Aro-Gro-Aro-Gro-Gro-Aro-Uro-Uro-Gro-Cro-Ur,9,2.203968609401244,7.054432149302362,12.149562668485803,84.79962610608284,0.0,24.138570415830152,53.483468604781294
-Uro-Gro-Gro-Cdo-Tdo-Gdo-Tdo-Gdo-Tdo-Cdo-Aro-Uro-Cro-Aro-Uro-Cro-Aro-Uro-Gro-Gro-Gro-Uro-Uro-Uro-Uro-Aro-Gro-Aro-Gro-Gro-Aro-Uro-Uro-Gro-Cro-Ur,9,1.8952117636789403,9.711781836057494,11.834550212777385,79.81707455767709,0.023292447012360044,24.138570415830152,53.483468604781294
-Gro-Gro-Cro-Uro-Gro-Tdo-Gdo-Tdo-Cdo-Ado-Uro-Cro-Aro-Uro-Cro-Aro-Uro-Gro-Gro-Uro-Gro-Uro-Uro-Uro-Uro-Aro-Gro-Aro-Gro-Gro-Aro-Uro-Uro-Gro-Cro-Ur,9,2.8282623141659546,5.0234052572701104,14.443007865698911,81.04896205729491,0.0,24.138570415830152,53.483468604781294
-Uro-Uro-Cro-Cdo-Tdo-Cdo-Gdo-Ado-Gdo-Gdo-Aro-Gro-Gro-Uro-Gro-Gro-Cro-Aro-Gro-Aro-Gro-Uro-Uro-Uro-Uro-Aro-Gro-Aro-Gro-Gro-Aro-Uro-Uro-Gro-Cro-Ur,9,2.533096578545931,4.349448505540957,14.532676831638128,84.15366361301898,0.011862452296224011,24.138570415830152,53.483468604781294
-Gro-Gro-Cro-Uro-Gro-Tdo-Gdo-Tdo-Cdo-Ado-Uro-Cro-Aro-Uro-Cro-Aro-Uro-Gro-Gro-Uro-Gro-Uro-Uro-Uro-Uro-Aro-Gro-Aro-Gro-Gro-Aro-Uro-Uro-Gro-Cro-Ur,9,2.0490130650249876,7.135482087306178,13.113829140006011,83.60346150132628,0.048848244144293645,24.138570415830152,53.483468604781294
-Ado-Gdo-Gdo-Ado-Ado-Gdo-Gdo-Cro-Cro-Cro-Cro-Aro-Gro-Cro-Aro-Gro-Gro-Cro-Aro-Aro-Gro-Uro-Uro-Uro-Uro-Aro-Gro-Aro-Gro-Gro-Aro-Uro-Uro-Gro-Cro-Ur,9,1.9490815794013165,5.304804471710486,10.696383385751322,86.60053145146243,0.0032727438689898435,24.138570415830152,53.483468604781294
-Aro-Gro-Gro-Ado-Ado-Gdo-Gdo-Cdo-Cdo-Cdo-Cro-Aro-Gro-Cro-Aro-Gro-Gro-Cro-Aro-Aro-Gro-Uro-Uro-Uro-Uro-Aro-Gro-Aro-Gro-Gro-Aro-Uro-Uro-Gro-Cro-Ur,9,4.024729703109778,2.6957522337350275,11.828598830611773,82.58498689125625,0.07726814743734285,24.138570415830152,53.483468604781294
-Uro-Uro-Cro-Cdo-Tdo-Cdo-Gdo-Ado-Gdo-Gdo-Aro-Gro-Gro-Uro-Gro-Gro-Cro-Aro-Gro-Aro-Gro-Uro-Uro-Uro-Uro-Aro-Gro-Aro-Gro-Gro-Aro-Uro-Uro-Gro-Cro-Ur,9,5.499177561202553,1.5110867042344756,8.656984946237003,83.11765207955013,0.0697441728605502,24.138570415830152,53.483468604781294
-Uro-Uro-Cro-Cdo-Tdo-Cdo-Gdo-Ado-Gdo-Gdo-Aro-Gro-Gro-Uro-Gro-Gro-Cro-Aro-Gro-Aro-Gro-Uro-Uro-Uro-Uro-Aro-Gro-Aro-Gro-Gro-Aro-Uro-Uro-Gro-Cro-Ur,9,1.9483017739829276,4.761663192314497,9.837168929249293,86.35474698113404,0.0,24.138570415830152,53.483468604781294
-Tdo-Tdo-Cdo-Cdo-Tdo-Cdo-Gdo-Aro-Gro-Gro-Aro-Gro-Gro-Uro-Gro-Gro-Cro-Aro-Gro-Aro-Gro-Uro-Uro-Uro-Uro-Aro-Gro-Aro-Gro-Gro-Aro-Uro-Uro-Gro-Cro-Ur,9,3.568420708967505,4.463313308808517,10.580048600551862,81.7537094677819,0.04110070857064966,24.138570415830152,53.483468604781294
-Ums-Cms-Ams-Gro-Gro-Cro-Cro-Gro-Cro-Aro-Gro-Gro-Aro-Aro-Gro-Aro-Gro-Gro-Aro-Aro-Gro-Uro-Uro-Uro-Uro-Aro-Gro-Aro-Gro-Cro-Uro-Aro-Gro-Aro-Aro-Aro-Uro-Aro-Gro-Cro-Aro-Aro-Gro-Uro-Uro-Aro-Aro-Aro-Aro-Uro-Aro-Aro-Gro-Gro-Cro-Uro-Aro-Gro-Uro-Cro-Cro-Gro-Uro-Uro-Aro-Uro-Cro-Aro-Aro-Cro-Uro-Uro-Gro-Aro-Aro-Aro-Aro-Aro-Gro-Uro-Gro-Gro-Cro-Aro-Cro-Cro-Gro-Aro-Gro-Uro-Cro-Gro-Gro-Uro-Gro-Cro-Uro-Ums-Ums-Um,10,4.170858110651633,5.095919468605637,6.089311070000052,77.58234866478406,0.01202958817954839,54.70810225272462,54.518115738525445
-Gms-Ums-Cms-Gro-Cro-Uro-Cro-Cro-Cro-Cro-Gro-Gro-Cro-Aro-Uro-Cro-Gro-Gro-Cro-Uro-Gro-Uro-Uro-Uro-Uro-Aro-Gro-Aro-Gro-Cro-Uro-Aro-Gro-Aro-Aro-Aro-Uro-Aro-Gro-Cro-Aro-Aro-Gro-Uro-Uro-Aro-Aro-Aro-Aro-Uro-Aro-Aro-Gro-Gro-Cro-Uro-Aro-Gro-Uro-Cro-Cro-Gro-Uro-Uro-Aro-Uro-Cro-Aro-Aro-Cro-Uro-Uro-Gro-Aro-Aro-Aro-Aro-Aro-Gro-Uro-Gro-Gro-Cro-Aro-Cro-Cro-Gro-Aro-Gro-Uro-Cro-Gro-Gro-Uro-Gro-Cro-Uro-Ums-Ums-Um,10,8.399657614660473,9.510880254223531,9.39776855009728,69.07667028123869,0.0,54.70810225272462,54.518115738525445
-Gms-Ums-Ams-Uro-Aro-Uro-Aro-Gro-Aro-Uro-Gro-Aro-Aro-Gro-Gro-Uro-Cro-Aro-Cro-Uro-Gro-Uro-Uro-Uro-Uro-Aro-Gro-Aro-Gro-Cro-Uro-Aro-Gro-Aro-Aro-Aro-Uro-Aro-Gro-Cro-Aro-Aro-Gro-Uro-Uro-Aro-Aro-Aro-Aro-Uro-Aro-Aro-Gro-Gro-Cro-Uro-Aro-Gro-Uro-Cro-Cro-Gro-Uro-Uro-Aro-Uro-Cro-Aro-Aro-Cro-Uro-Uro-Gro-Aro-Aro-Aro-Aro-Aro-Gro-Uro-Gro-Gro-Cro-Aro-Cro-Cro-Gro-Aro-Gro-Uro-Cro-Gro-Gro-Uro-Gro-Cro-Uro-Ums-Ums-Um,10,5.744488226319751,7.5226144622725535,8.077914043095722,72.2946396492629,0.0,54.70810225272462,54.518115738525445
-Ums-Cms-Ams-Gro-Gro-Cro-Cro-Gro-Cro-Aro-Gro-Gro-Aro-Aro-Gro-Aro-Gro-Gro-Aro-Aro-Gro-Uro-Uro-Uro-Uro-Aro-Gro-Aro-Gro-Cro-Uro-Aro-Gro-Aro-Aro-Aro-Uro-Aro-Gro-Cro-Aro-Aro-Gro-Uro-Uro-Aro-Aro-Aro-Aro-Uro-Aro-Aro-Gro-Gro-Cro-Uro-Aro-Gro-Uro-Cro-Cro-Gro-Uro-Uro-Aro-Uro-Cro-Aro-Aro-Cro-Uro-Uro-Gro-Aro-Aro-Aro-Aro-Aro-Gro-Uro-Gro-Gro-Cro-Aro-Cro-Cro-Gro-Aro-Gro-Uro-Cro-Gro-Gro-Uro-Gro-Cro-Uro-Ums-Ums-Um,10,6.52933260648991,3.0267532969980353,4.454758081799593,76.48235091878492,0.0059595773789358555,54.70810225272462,54.518115738525445
-Cms-Ums-Cms-Cro-Cro-Uro-Cro-Cro-Cro-Aro-Gro-Gro-Aro-Uro-Cro-Cro-Uro-Cro-Uro-Cro-Gro-Uro-Uro-Uro-Uro-Aro-Gro-Aro-Gro-Cro-Uro-Aro-Gro-Aro-Aro-Aro-Uro-Aro-Gro-Cro-Aro-Aro-Gro-Uro-Uro-Aro-Aro-Aro-Aro-Uro-Aro-Aro-Gro-Gro-Cro-Uro-Aro-Gro-Uro-Cro-Cro-Gro-Uro-Uro-Aro-Uro-Cro-Aro-Aro-Cro-Uro-Uro-Gro-Aro-Aro-Aro-Aro-Aro-Gro-Uro-Gro-Gro-Cro-Aro-Cro-Cro-Gro-Aro-Gro-Uro-Cro-Gro-Gro-Uro-Gro-Cro-Uro-Ums-Ums-Um,10,8.495816674291119,9.767934894789695,7.343557272873148,73.47543518701477,0.0,54.70810225272462,54.518115738525445
-Gms-Ums-Cms-Gro-Cro-Uro-Cro-Cro-Cro-Cro-Gro-Gro-Cro-Aro-Uro-Cro-Gro-Gro-Cro-Uro-Gro-Uro-Uro-Uro-Uro-Aro-Gro-Aro-Gro-Cro-Uro-Aro-Gro-Aro-Aro-Aro-Uro-Aro-Gro-Cro-Aro-Aro-Gro-Uro-Uro-Aro-Aro-Aro-Aro-Uro-Aro-Aro-Gro-Gro-Cro-Uro-Aro-Gro-Uro-Cro-Cro-Gro-Uro-Uro-Aro-Uro-Cro-Aro-Aro-Cro-Uro-Uro-Gro-Aro-Aro-Aro-Aro-Aro-Gro-Uro-Gro-Gro-Cro-Aro-Cro-Cro-Gro-Aro-Gro-Uro-Cro-Gro-Gro-Uro-Gro-Cro-Uro-Ums-Ums-Um,10,2.0279499390657496,7.576744997250616,9.958689579157966,74.22561705330153,0.0,54.70810225272462,54.518115738525445
-Ams-Cms-Ums-Cro-Cro-Aro-Gro-Uro-Cro-Uro-Uro-Uro-Cro-Uro-Aro-Gro-Aro-Aro-Gro-Aro-Gro-Uro-Uro-Uro-Uro-Aro-Gro-Aro-Gro-Cro-Uro-Aro-Gro-Aro-Aro-Aro-Uro-Aro-Gro-Cro-Aro-Aro-Gro-Uro-Uro-Aro-Aro-Aro-Aro-Uro-Aro-Aro-Gro-Gro-Cro-Uro-Aro-Gro-Uro-Cro-Cro-Gro-Uro-Uro-Aro-Uro-Cro-Aro-Aro-Cro-Uro-Uro-Gro-Aro-Aro-Aro-Aro-Aro-Gro-Uro-Gro-Gro-Cro-Aro-Cro-Cro-Gro-Aro-Gro-Uro-Cro-Gro-Gro-Uro-Gro-Cro-Uro-Ums-Ums-Um,10,5.585605418391322,6.151151082045982,3.296515909533698,77.55039909667852,0.0,54.70810225272462,54.518115738525445
-Gms-Cms-Ams-Uro-Cro-Gro-Uro-Cro-Gro-Cro-Gro-Gro-Gro-Aro-Gro-Gro-Cro-Uro-Gro-Cro-Gro-Uro-Uro-Uro-Uro-Aro-Gro-Aro-Gro-Cro-Uro-Aro-Gro-Aro-Aro-Aro-Uro-Aro-Gro-Cro-Aro-Aro-Gro-Uro-Uro-Aro-Aro-Aro-Aro-Uro-Aro-Aro-Gro-Gro-Cro-Uro-Aro-Gro-Uro-Cro-Cro-Gro-Uro-Uro-Aro-Uro-Cro-Aro-Aro-Cro-Uro-Uro-Gro-Aro-Aro-Aro-Aro-Aro-Gro-Uro-Gro-Gro-Cro-Aro-Cro-Cro-Gro-Aro-Gro-Uro-Cro-Gro-Gro-Uro-Gro-Cro-Uro-Ums-Ums-Um,10,1.99641080456131,4.635298240218068,8.903042843812429,84.84946759955862,0.015885921344693632,54.70810225272462,54.518115738525445
-Ams-Cms-Ums-Cro-Cro-Aro-Gro-Uro-Cro-Uro-Uro-Uro-Cro-Uro-Aro-Gro-Aro-Aro-Gro-Aro-Gro-Uro-Uro-Uro-Uro-Aro-Gro-Aro-Gro-Cro-Uro-Aro-Gro-Aro-Aro-Aro-Uro-Aro-Gro-Cro-Aro-Aro-Gro-Uro-Uro-Aro-Aro-Aro-Aro-Uro-Aro-Aro-Gro-Gro-Cro-Uro-Aro-Gro-Uro-Cro-Cro-Gro-Uro-Uro-Aro-Uro-Cro-Aro-Aro-Cro-Uro-Uro-Gro-Aro-Aro-Aro-Aro-Aro-Gro-Uro-Gro-Gro-Cro-Aro-Cro-Cro-Gro-Aro-Gro-Uro-Cro-Gro-Gro-Uro-Gro-Cro-Uro-Ums-Ums-Um,10,9.38957751883992,4.013699459174937,6.691265874944849,70.74047491586094,0.0,54.70810225272462,54.518115738525445
-Gms-Ums-Ams-Uro-Aro-Uro-Aro-Gro-Aro-Uro-Gro-Aro-Aro-Gro-Gro-Uro-Cro-Aro-Cro-Uro-Gro-Uro-Uro-Uro-Uro-Aro-Gro-Aro-Gro-Cro-Uro-Aro-Gro-Aro-Aro-Aro-Uro-Aro-Gro-Cro-Aro-Aro-Gro-Uro-Uro-Aro-Aro-Aro-Aro-Uro-Aro-Aro-Gro-Gro-Cro-Uro-Aro-Gro-Uro-Cro-Cro-Gro-Uro-Uro-Aro-Uro-Cro-Aro-Aro-Cro-Uro-Uro-Gro-Aro-Aro-Aro-Aro-Aro-Gro-Uro-Gro-Gro-Cro-Aro-Cro-Cro-Gro-Aro-Gro-Uro-Cro-Gro-Gro-Uro-Gro-Cro-Uro-Ums-Ums-Um,10,8.273983639072254,6.049915058501895,7.637060608194689,70.800504078392,0.0,54.70810225272462,54.518115738525445
-Ums-Cms-Ams-Gro-Gro-Cro-Cro-Gro-Cro-Aro-Gro-Gro-Aro-Aro-Gro-Aro-Gro-Gro-Aro-Aro-Gro-Uro-Uro-Uro-Uro-Aro-Gro-Aro-Gro-Cro-Uro-Aro-Gro-Aro-Aro-Aro-Uro-Aro-Gro-Cro-Aro-Aro-Gro-Uro-Uro-Aro-Aro-Aro-Aro-Uro-Aro-Aro-Gro-Gro-Cro-Uro-Aro-Gro-Uro-Cro-Cro-Gro-Uro-Uro-Aro-Uro-Cro-Aro-Aro-Cro-Uro-Uro-Gro-Aro-Aro-Aro-Aro-Aro-Gro-Uro-Gro-Gro-Cro-Aro-Cro-Cro-Gro-Aro-Gro-Uro-Cro-Gro-Gro-Uro-Gro-Cro-Uro-Ums-Ums-Um,10,5.046711494352189,12.383148475700153,10.640535429737968,68.42888885880826,0.0,54.70810225272462,54.518115738525445
-Gms-Cms-Ams-Uro-Cro-Gro-Uro-Cro-Gro-Cro-Gro-Gro-Gro-Aro-Gro-Gro-Cro-Uro-Gro-Cro-Gro-Uro-Uro-Uro-Uro-Aro-Gro-Aro-Gro-Cro-Uro-Aro-Gro-Aro-Aro-Aro-Uro-Aro-Gro-Cro-Aro-Aro-Gro-Uro-Uro-Aro-Aro-Aro-Aro-Uro-Aro-Aro-Gro-Gro-Cro-Uro-Aro-Gro-Uro-Cro-Cro-Gro-Uro-Uro-Aro-Uro-Cro-Aro-Aro-Cro-Uro-Uro-Gro-Aro-Aro-Aro-Aro-Aro-Gro-Uro-Gro-Gro-Cro-Aro-Cro-Cro-Gro-Aro-Gro-Uro-Cro-Gro-Gro-Uro-Gro-Cro-Uro-Ums-Ums-Um,10,3.8619188593668463,5.167496636041902,5.068997996922679,80.11667505092274,0.07414470084986212,54.70810225272462,54.518115738525445
-Ums-Cms-Ams-Aro-Uro-Uro-Uro-Uro-Aro-Aro-Gro-Aro-Cro-Cro-Uro-Cro-Cro-Cro-Uro-Gro-Gro-Uro-Uro-Uro-Uro-Aro-Gro-Aro-Gro-Cro-Uro-Aro-Gro-Aro-Aro-Aro-Uro-Aro-Gro-Cro-Aro-Aro-Gro-Uro-Uro-Aro-Aro-Aro-Aro-Uro-Aro-Aro-Gro-Gro-Cro-Uro-Aro-Gro-Uro-Cro-Cro-Gro-Uro-Uro-Aro-Uro-Cro-Aro-Aro-Cro-Uro-Uro-Gro-Aro-Aro-Aro-Aro-Aro-Gro-Uro-Gro-Gro-Cro-Aro-Cro-Cro-Gro-Aro-Gro-Uro-Cro-Gro-Gro-Uro-Gro-Cro-Uro-Ums-Ums-Um,10,3.6770993151171414,5.353104627229291,7.772915941713759,76.60903806834227,0.0,54.70810225272462,54.518115738525445
-Gms-Ums-Cms-Gro-Cro-Uro-Cro-Cro-Cro-Cro-Gro-Gro-Cro-Aro-Uro-Cro-Gro-Gro-Cro-Uro-Gro-Uro-Uro-Uro-Uro-Aro-Gro-Aro-Gro-Cro-Uro-Aro-Gro-Aro-Aro-Aro-Uro-Aro-Gro-Cro-Aro-Aro-Gro-Uro-Uro-Aro-Aro-Aro-Aro-Uro-Aro-Aro-Gro-Gro-Cro-Uro-Aro-Gro-Uro-Cro-Cro-Gro-Uro-Uro-Aro-Uro-Cro-Aro-Aro-Cro-Uro-Uro-Gro-Aro-Aro-Aro-Aro-Aro-Gro-Uro-Gro-Gro-Cro-Aro-Cro-Cro-Gro-Aro-Gro-Uro-Cro-Gro-Gro-Uro-Gro-Cro-Uro-Ums-Ums-Um,10,2.875342631953609,8.890667319904423,6.1056512103094835,74.95567066743523,0.0,54.70810225272462,54.518115738525445
-Gms-Ums-Ams-Uro-Aro-Uro-Aro-Gro-Aro-Uro-Gro-Aro-Aro-Gro-Gro-Uro-Cro-Aro-Cro-Uro-Gro-Uro-Uro-Uro-Uro-Aro-Gro-Aro-Gro-Cro-Uro-Aro-Gro-Aro-Aro-Aro-Uro-Aro-Gro-Cro-Aro-Aro-Gro-Uro-Uro-Aro-Aro-Aro-Aro-Uro-Aro-Aro-Gro-Gro-Cro-Uro-Aro-Gro-Uro-Cro-Cro-Gro-Uro-Uro-Aro-Uro-Cro-Aro-Aro-Cro-Uro-Uro-Gro-Aro-Aro-Aro-Aro-Aro-Gro-Uro-Gro-Gro-Cro-Aro-Cro-Cro-Gro-Aro-Gro-Uro-Cro-Gro-Gro-Uro-Gro-Cro-Uro-Ums-Ums-Um,10,3.8926857948716163,6.748330052232695,5.78286703714912,74.73756434095002,0.0,54.70810225272462,54.518115738525445
-Ams-Gms-Cms-Aro-Gro-Cro-Aro-Gro-Cro-Gro-Gro-Cro-Gro-Gro-Cro-Aro-Aro-Cro-Aro-Gro-Gro-Uro-Uro-Uro-Uro-Aro-Gro-Aro-Gro-Cro-Uro-Aro-Gro-Aro-Aro-Aro-Uro-Aro-Gro-Cro-Aro-Aro-Gro-Uro-Uro-Aro-Aro-Aro-Aro-Uro-Aro-Aro-Gro-Gro-Cro-Uro-Aro-Gro-Uro-Cro-Cro-Gro-Uro-Uro-Aro-Uro-Cro-Aro-Aro-Cro-Uro-Uro-Gro-Aro-Aro-Aro-Aro-Aro-Gro-Uro-Gro-Gro-Cro-Aro-Cro-Cro-Gro-Aro-Gro-Uro-Cro-Gro-Gro-Uro-Gro-Cro-Uro-Ums-Ums-Um,10,6.254392729925368,4.474781999044077,4.920757868097419,75.91782126619597,0.043258241673081885,54.70810225272462,54.518115738525445
